image_file,form_id,form_version,page_number,source_page_image,question_id,option_id,response_type,mark_strategy,bbox_x,bbox_y,bbox_w,bbox_h,annotation_source,expected_mark,split
page_1_Q1_a.png,matera-pre,v1,1,page_1.png,Q1,a,multi_select,circle,133,264,28,31,human_ground_truth.json,0,train
page_1_Q1_b.png,matera-pre,v1,1,page_1.png,Q1,b,multi_select,circle,133,296,30,34,human_ground_truth.json,1,train
page_1_Q1_c.png,matera-pre,v1,1,page_1.png,Q1,c,multi_select,circle,132,330,34,34,human_ground_truth.json,1,train
page_1_Q1_d.png,matera-pre,v1,1,page_1.png,Q1,d,multi_select,circle,133,365,35,34,human_ground_truth.json,1,train
page_1_Q1_e.png,matera-pre,v1,1,page_1.png,Q1,e,multi_select,circle,132,402,36,32,human_ground_truth.json,1,train
page_1_Q10_a.png,matera-pre,v1,1,page_1.png,Q10,a,multi_select,circle,878,914,45,28,human_ground_truth.json,1,train
page_1_Q10_b.png,matera-pre,v1,1,page_1.png,Q10,b,multi_select,circle,879,947,47,32,human_ground_truth.json,1,train
page_1_Q10_c.png,matera-pre,v1,1,page_1.png,Q10,c,multi_select,circle,875,1009,51,36,human_ground_truth.json,1,train
page_1_Q10_d.png,matera-pre,v1,1,page_1.png,Q10,d,multi_select,circle,882,1071,48,38,human_ground_truth.json,1,train
page_1_Q10_e.png,matera-pre,v1,1,page_1.png,Q10,e,multi_select,circle,882,1110,45,46,human_ground_truth.json,1,train
page_1_Q11_a.png,matera-pre,v1,1,page_1.png,Q11,a,multi_select,circle,876,1242,45,38,human_ground_truth.json,1,train
page_1_Q11_b.png,matera-pre,v1,1,page_1.png,Q11,b,multi_select,circle,877,1283,45,32,human_ground_truth.json,1,train
page_1_Q11_c.png,matera-pre,v1,1,page_1.png,Q11,c,multi_select,circle,877,1350,47,37,human_ground_truth.json,1,train
page_1_Q11_d.png,matera-pre,v1,1,page_1.png,Q11,d,multi_select,circle,882,1415,44,43,human_ground_truth.json,1,train
page_1_Q11_e.png,matera-pre,v1,1,page_1.png,Q11,e,multi_select,circle,880,1479,44,42,human_ground_truth.json,1,train
page_1_Q12_a.png,matera-pre,v1,1,page_1.png,Q12,a,multi_select,circle,877,1649,48,37,human_ground_truth.json,1,train
page_1_Q12_b.png,matera-pre,v1,1,page_1.png,Q12,b,multi_select,circle,879,1687,43,35,human_ground_truth.json,1,train
page_1_Q12_c.png,matera-pre,v1,1,page_1.png,Q12,c,multi_select,circle,881,1724,48,29,human_ground_truth.json,1,train
page_1_Q12_d.png,matera-pre,v1,1,page_1.png,Q12,d,multi_select,circle,881,1755,46,35,human_ground_truth.json,1,train
page_1_Q12_e.png,matera-pre,v1,1,page_1.png,Q12,e,multi_select,circle,880,1790,51,37,human_ground_truth.json,1,train
page_1_Q13_1_0.png,matera-pre,v1,1,page_1.png,Q13.1,0,rating,circle,1240,1981,28,37,human_ground_truth.json,0,train
page_1_Q13_1_1.png,matera-pre,v1,1,page_1.png,Q13.1,1,rating,circle,1305,1986,23,31,human_ground_truth.json,0,train
page_1_Q13_1_2.png,matera-pre,v1,1,page_1.png,Q13.1,2,rating,circle,1366,1984,22,34,human_ground_truth.json,0,train
page_1_Q13_1_3.png,matera-pre,v1,1,page_1.png,Q13.1,3,rating,circle,1428,1986,24,32,human_ground_truth.json,0,train
page_1_Q13_1_4.png,matera-pre,v1,1,page_1.png,Q13.1,4,rating,circle,1490,1984,26,35,human_ground_truth.json,0,train
page_1_Q13_2_0.png,matera-pre,v1,1,page_1.png,Q13.2,0,rating,circle,1240,2018,27,36,human_ground_truth.json,1,train
page_1_Q13_2_1.png,matera-pre,v1,1,page_1.png,Q13.2,1,rating,circle,1303,2020,25,34,human_ground_truth.json,0,train
page_1_Q13_2_2.png,matera-pre,v1,1,page_1.png,Q13.2,2,rating,circle,1367,2022,24,32,human_ground_truth.json,0,train
page_1_Q13_2_3.png,matera-pre,v1,1,page_1.png,Q13.2,3,rating,circle,1428,2021,25,32,human_ground_truth.json,0,train
page_1_Q13_2_4.png,matera-pre,v1,1,page_1.png,Q13.2,4,rating,circle,1491,2022,24,37,human_ground_truth.json,0,train
page_1_Q14_1.png,matera-pre,v1,1,page_1.png,Q14,1,multi_select,checkbox,113,2161,36,36,human_ground_truth.json,1,train
page_1_Q14_2.png,matera-pre,v1,1,page_1.png,Q14,2,multi_select,checkbox,937,2153,34,38,human_ground_truth.json,1,train
page_1_Q14_3.png,matera-pre,v1,1,page_1.png,Q14,3,multi_select,checkbox,113,2197,37,36,human_ground_truth.json,1,train
page_1_Q14_4.png,matera-pre,v1,1,page_1.png,Q14,4,multi_select,checkbox,936,2191,38,37,human_ground_truth.json,1,train
page_1_Q2_a.png,matera-pre,v1,1,page_1.png,Q2,a,multi_select,circle,131,497,32,34,human_ground_truth.json,0,train
page_1_Q2_b.png,matera-pre,v1,1,page_1.png,Q2,b,multi_select,circle,130,530,33,34,human_ground_truth.json,1,train
page_1_Q2_c.png,matera-pre,v1,1,page_1.png,Q2,c,multi_select,circle,129,565,37,36,human_ground_truth.json,1,train
page_1_Q2_d.png,matera-pre,v1,1,page_1.png,Q2,d,multi_select,circle,126,602,40,33,human_ground_truth.json,0,train
page_1_Q2_e.png,matera-pre,v1,1,page_1.png,Q2,e,multi_select,circle,127,634,38,36,human_ground_truth.json,0,train
page_1_Q3_a.png,matera-pre,v1,1,page_1.png,Q3,a,multi_select,circle,128,734,35,35,human_ground_truth.json,1,train
page_1_Q3_b.png,matera-pre,v1,1,page_1.png,Q3,b,multi_select,circle,126,770,44,32,human_ground_truth.json,1,train
page_1_Q3_c.png,matera-pre,v1,1,page_1.png,Q3,c,multi_select,circle,128,803,45,34,human_ground_truth.json,1,train
page_1_Q3_d.png,matera-pre,v1,1,page_1.png,Q3,d,multi_select,circle,129,837,40,33,human_ground_truth.json,1,train
page_1_Q3_e.png,matera-pre,v1,1,page_1.png,Q3,e,multi_select,circle,128,872,37,30,human_ground_truth.json,0,train
page_1_Q4_a.png,matera-pre,v1,1,page_1.png,Q4,a,multi_select,circle,123,968,40,34,human_ground_truth.json,1,train
page_1_Q4_b.png,matera-pre,v1,1,page_1.png,Q4,b,multi_select,circle,124,1003,40,37,human_ground_truth.json,1,train
page_1_Q4_c.png,matera-pre,v1,1,page_1.png,Q4,c,multi_select,circle,122,1040,44,34,human_ground_truth.json,1,train
page_1_Q4_d.png,matera-pre,v1,1,page_1.png,Q4,d,multi_select,circle,122,1073,49,36,human_ground_truth.json,1,train
page_1_Q4_e.png,matera-pre,v1,1,page_1.png,Q4,e,multi_select,circle,123,1108,49,29,human_ground_truth.json,1,train
page_1_Q4_f.png,matera-pre,v1,1,page_1.png,Q4,f,multi_select,circle,123,1136,49,41,human_ground_truth.json,1,train
page_1_Q5_a.png,matera-pre,v1,1,page_1.png,Q5,a,multi_select,circle,127,1238,36,35,human_ground_truth.json,1,train
page_1_Q5_b.png,matera-pre,v1,1,page_1.png,Q5,b,multi_select,circle,125,1277,43,32,human_ground_truth.json,1,train
page_1_Q5_c.png,matera-pre,v1,1,page_1.png,Q5,c,multi_select,circle,127,1312,42,30,human_ground_truth.json,1,train
page_1_Q5_d.png,matera-pre,v1,1,page_1.png,Q5,d,multi_select,circle,124,1343,45,32,human_ground_truth.json,1,train
page_1_Q5_e.png,matera-pre,v1,1,page_1.png,Q5,e,multi_select,circle,126,1381,42,29,human_ground_truth.json,1,train
page_1_Q5_f.png,matera-pre,v1,1,page_1.png,Q5,f,multi_select,circle,125,1408,45,32,human_ground_truth.json,1,train
page_1_Q5_g.png,matera-pre,v1,1,page_1.png,Q5,g,multi_select,circle,123,1444,43,41,human_ground_truth.json,1,train
page_1_Q6_a.png,matera-pre,v1,1,page_1.png,Q6,a,multi_select,circle,124,1544,39,31,human_ground_truth.json,1,train
page_1_Q6_b.png,matera-pre,v1,1,page_1.png,Q6,b,multi_select,circle,125,1578,42,37,human_ground_truth.json,1,train
page_1_Q6_c.png,matera-pre,v1,1,page_1.png,Q6,c,multi_select,circle,126,1616,43,33,human_ground_truth.json,1,train
page_1_Q6_d.png,matera-pre,v1,1,page_1.png,Q6,d,multi_select,circle,125,1649,47,38,human_ground_truth.json,1,train
page_1_Q6_e.png,matera-pre,v1,1,page_1.png,Q6,e,multi_select,circle,124,1676,48,35,human_ground_truth.json,1,train
page_1_Q6_f.png,matera-pre,v1,1,page_1.png,Q6,f,multi_select,circle,124,1711,43,40,human_ground_truth.json,1,train
page_1_Q7_a.png,matera-pre,v1,1,page_1.png,Q7,a,multi_select,circle,122,1886,46,30,human_ground_truth.json,1,train
page_1_Q7_b.png,matera-pre,v1,1,page_1.png,Q7,b,multi_select,circle,122,1917,46,34,human_ground_truth.json,1,train
page_1_Q7_c.png,matera-pre,v1,1,page_1.png,Q7,c,multi_select,circle,120,1948,48,38,human_ground_truth.json,1,train
page_1_Q7_d.png,matera-pre,v1,1,page_1.png,Q7,d,multi_select,circle,124,2008,48,46,human_ground_truth.json,1,train
page_1_Q7_e.png,matera-pre,v1,1,page_1.png,Q7,e,multi_select,circle,125,2057,44,31,human_ground_truth.json,1,train
page_1_Q8_a.png,matera-pre,v1,1,page_1.png,Q8,a,multi_select,circle,884,272,37,39,human_ground_truth.json,1,train
page_1_Q8_b.png,matera-pre,v1,1,page_1.png,Q8,b,multi_select,circle,881,333,46,46,human_ground_truth.json,1,train
page_1_Q8_c.png,matera-pre,v1,1,page_1.png,Q8,c,multi_select,circle,874,399,50,47,human_ground_truth.json,1,train
page_1_Q8_d.png,matera-pre,v1,1,page_1.png,Q8,d,multi_select,circle,888,467,38,43,human_ground_truth.json,1,train
page_1_Q9_a.png,matera-pre,v1,1,page_1.png,Q9,a,multi_select,circle,883,607,48,35,human_ground_truth.json,1,train
page_1_Q9_b.png,matera-pre,v1,1,page_1.png,Q9,b,multi_select,circle,886,641,42,31,human_ground_truth.json,1,train
page_1_Q9_c.png,matera-pre,v1,1,page_1.png,Q9,c,multi_select,circle,885,676,41,34,human_ground_truth.json,1,train
page_1_Q9_d.png,matera-pre,v1,1,page_1.png,Q9,d,multi_select,circle,884,706,44,38,human_ground_truth.json,1,train
page_1_Q9_e.png,matera-pre,v1,1,page_1.png,Q9,e,multi_select,circle,882,768,41,44,human_ground_truth.json,1,train
page_2_Q1_a.png,matera-pre,v1,2,page_2.png,Q1,a,multi_select,circle,133,264,28,31,human_ground_truth.json,1,train
page_2_Q1_b.png,matera-pre,v1,2,page_2.png,Q1,b,multi_select,circle,133,296,30,34,human_ground_truth.json,1,train
page_2_Q1_c.png,matera-pre,v1,2,page_2.png,Q1,c,multi_select,circle,132,330,34,34,human_ground_truth.json,0,train
page_2_Q1_d.png,matera-pre,v1,2,page_2.png,Q1,d,multi_select,circle,133,365,35,34,human_ground_truth.json,0,train
page_2_Q1_e.png,matera-pre,v1,2,page_2.png,Q1,e,multi_select,circle,132,402,36,32,human_ground_truth.json,1,train
page_2_Q10_a.png,matera-pre,v1,2,page_2.png,Q10,a,multi_select,circle,878,914,45,28,human_ground_truth.json,1,train
page_2_Q10_b.png,matera-pre,v1,2,page_2.png,Q10,b,multi_select,circle,879,947,47,32,human_ground_truth.json,1,train
page_2_Q10_c.png,matera-pre,v1,2,page_2.png,Q10,c,multi_select,circle,875,1009,51,36,human_ground_truth.json,1,train
page_2_Q10_d.png,matera-pre,v1,2,page_2.png,Q10,d,multi_select,circle,882,1071,48,38,human_ground_truth.json,1,train
page_2_Q10_e.png,matera-pre,v1,2,page_2.png,Q10,e,multi_select,circle,882,1110,45,46,human_ground_truth.json,0,train
page_2_Q11_a.png,matera-pre,v1,2,page_2.png,Q11,a,multi_select,circle,876,1242,45,38,human_ground_truth.json,0,train
page_2_Q11_b.png,matera-pre,v1,2,page_2.png,Q11,b,multi_select,circle,877,1283,45,32,human_ground_truth.json,1,train
page_2_Q11_c.png,matera-pre,v1,2,page_2.png,Q11,c,multi_select,circle,877,1350,47,37,human_ground_truth.json,1,train
page_2_Q11_d.png,matera-pre,v1,2,page_2.png,Q11,d,multi_select,circle,882,1415,44,43,human_ground_truth.json,0,train
page_2_Q11_e.png,matera-pre,v1,2,page_2.png,Q11,e,multi_select,circle,880,1479,44,42,human_ground_truth.json,1,train
page_2_Q12_a.png,matera-pre,v1,2,page_2.png,Q12,a,multi_select,circle,877,1649,48,37,human_ground_truth.json,1,train
page_2_Q12_b.png,matera-pre,v1,2,page_2.png,Q12,b,multi_select,circle,879,1687,43,35,human_ground_truth.json,0,train
page_2_Q12_c.png,matera-pre,v1,2,page_2.png,Q12,c,multi_select,circle,881,1724,48,29,human_ground_truth.json,0,train
page_2_Q12_d.png,matera-pre,v1,2,page_2.png,Q12,d,multi_select,circle,881,1755,46,35,human_ground_truth.json,1,train
page_2_Q12_e.png,matera-pre,v1,2,page_2.png,Q12,e,multi_select,circle,880,1790,51,37,human_ground_truth.json,1,train
page_2_Q13_1_0.png,matera-pre,v1,2,page_2.png,Q13.1,0,rating,circle,1240,1981,28,37,human_ground_truth.json,1,train
page_2_Q13_1_1.png,matera-pre,v1,2,page_2.png,Q13.1,1,rating,circle,1305,1986,23,31,human_ground_truth.json,0,train
page_2_Q13_1_2.png,matera-pre,v1,2,page_2.png,Q13.1,2,rating,circle,1366,1984,22,34,human_ground_truth.json,0,train
page_2_Q13_1_3.png,matera-pre,v1,2,page_2.png,Q13.1,3,rating,circle,1428,1986,24,32,human_ground_truth.json,0,train
page_2_Q13_1_4.png,matera-pre,v1,2,page_2.png,Q13.1,4,rating,circle,1490,1984,26,35,human_ground_truth.json,0,train
page_2_Q13_2_0.png,matera-pre,v1,2,page_2.png,Q13.2,0,rating,circle,1240,2018,27,36,human_ground_truth.json,0,train
page_2_Q13_2_1.png,matera-pre,v1,2,page_2.png,Q13.2,1,rating,circle,1303,2020,25,34,human_ground_truth.json,0,train
page_2_Q13_2_2.png,matera-pre,v1,2,page_2.png,Q13.2,2,rating,circle,1367,2022,24,32,human_ground_truth.json,0,train
page_2_Q13_2_3.png,matera-pre,v1,2,page_2.png,Q13.2,3,rating,circle,1428,2021,25,32,human_ground_truth.json,0,train
page_2_Q13_2_4.png,matera-pre,v1,2,page_2.png,Q13.2,4,rating,circle,1491,2022,24,37,human_ground_truth.json,0,train
page_2_Q14_1.png,matera-pre,v1,2,page_2.png,Q14,1,multi_select,checkbox,113,2161,36,36,human_ground_truth.json,1,train
page_2_Q14_2.png,matera-pre,v1,2,page_2.png,Q14,2,multi_select,checkbox,937,2153,34,38,human_ground_truth.json,1,train
page_2_Q14_3.png,matera-pre,v1,2,page_2.png,Q14,3,multi_select,checkbox,113,2197,37,36,human_ground_truth.json,1,train
page_2_Q14_4.png,matera-pre,v1,2,page_2.png,Q14,4,multi_select,checkbox,936,2191,38,37,human_ground_truth.json,0,train
page_2_Q2_a.png,matera-pre,v1,2,page_2.png,Q2,a,multi_select,circle,131,497,32,34,human_ground_truth.json,1,train
page_2_Q2_b.png,matera-pre,v1,2,page_2.png,Q2,b,multi_select,circle,130,530,33,34,human_ground_truth.json,1,train
page_2_Q2_c.png,matera-pre,v1,2,page_2.png,Q2,c,multi_select,circle,129,565,37,36,human_ground_truth.json,0,train
page_2_Q2_d.png,matera-pre,v1,2,page_2.png,Q2,d,multi_select,circle,126,602,40,33,human_ground_truth.json,0,train
page_2_Q2_e.png,matera-pre,v1,2,page_2.png,Q2,e,multi_select,circle,127,634,38,36,human_ground_truth.json,0,train
page_2_Q3_a.png,matera-pre,v1,2,page_2.png,Q3,a,multi_select,circle,128,734,35,35,human_ground_truth.json,0,train
page_2_Q3_b.png,matera-pre,v1,2,page_2.png,Q3,b,multi_select,circle,126,770,44,32,human_ground_truth.json,1,train
page_2_Q3_c.png,matera-pre,v1,2,page_2.png,Q3,c,multi_select,circle,128,803,45,34,human_ground_truth.json,1,train
page_2_Q3_d.png,matera-pre,v1,2,page_2.png,Q3,d,multi_select,circle,129,837,40,33,human_ground_truth.json,0,train
page_2_Q3_e.png,matera-pre,v1,2,page_2.png,Q3,e,multi_select,circle,128,872,37,30,human_ground_truth.json,0,train
page_2_Q4_a.png,matera-pre,v1,2,page_2.png,Q4,a,multi_select,circle,123,968,40,34,human_ground_truth.json,1,train
page_2_Q4_b.png,matera-pre,v1,2,page_2.png,Q4,b,multi_select,circle,124,1003,40,37,human_ground_truth.json,1,train
page_2_Q4_c.png,matera-pre,v1,2,page_2.png,Q4,c,multi_select,circle,122,1040,44,34,human_ground_truth.json,0,train
page_2_Q4_d.png,matera-pre,v1,2,page_2.png,Q4,d,multi_select,circle,122,1073,49,36,human_ground_truth.json,0,train
page_2_Q4_e.png,matera-pre,v1,2,page_2.png,Q4,e,multi_select,circle,123,1108,49,29,human_ground_truth.json,0,train
page_2_Q4_f.png,matera-pre,v1,2,page_2.png,Q4,f,multi_select,circle,123,1136,49,41,human_ground_truth.json,0,train
page_2_Q5_a.png,matera-pre,v1,2,page_2.png,Q5,a,multi_select,circle,127,1238,36,35,human_ground_truth.json,1,train
page_2_Q5_b.png,matera-pre,v1,2,page_2.png,Q5,b,multi_select,circle,125,1277,43,32,human_ground_truth.json,1,train
page_2_Q5_c.png,matera-pre,v1,2,page_2.png,Q5,c,multi_select,circle,127,1312,42,30,human_ground_truth.json,1,train
page_2_Q5_d.png,matera-pre,v1,2,page_2.png,Q5,d,multi_select,circle,124,1343,45,32,human_ground_truth.json,0,train
page_2_Q5_e.png,matera-pre,v1,2,page_2.png,Q5,e,multi_select,circle,126,1381,42,29,human_ground_truth.json,0,train
page_2_Q5_f.png,matera-pre,v1,2,page_2.png,Q5,f,multi_select,circle,125,1408,45,32,human_ground_truth.json,1,train
page_2_Q5_g.png,matera-pre,v1,2,page_2.png,Q5,g,multi_select,circle,123,1444,43,41,human_ground_truth.json,0,train
page_2_Q6_a.png,matera-pre,v1,2,page_2.png,Q6,a,multi_select,circle,124,1544,39,31,human_ground_truth.json,1,train
page_2_Q6_b.png,matera-pre,v1,2,page_2.png,Q6,b,multi_select,circle,125,1578,42,37,human_ground_truth.json,0,train
page_2_Q6_c.png,matera-pre,v1,2,page_2.png,Q6,c,multi_select,circle,126,1616,43,33,human_ground_truth.json,1,train
page_2_Q6_d.png,matera-pre,v1,2,page_2.png,Q6,d,multi_select,circle,125,1649,47,38,human_ground_truth.json,1,train
page_2_Q6_e.png,matera-pre,v1,2,page_2.png,Q6,e,multi_select,circle,124,1676,48,35,human_ground_truth.json,0,train
page_2_Q6_f.png,matera-pre,v1,2,page_2.png,Q6,f,multi_select,circle,124,1711,43,40,human_ground_truth.json,1,train
page_2_Q7_a.png,matera-pre,v1,2,page_2.png,Q7,a,multi_select,circle,122,1886,46,30,human_ground_truth.json,1,train
page_2_Q7_b.png,matera-pre,v1,2,page_2.png,Q7,b,multi_select,circle,122,1917,46,34,human_ground_truth.json,1,train
page_2_Q7_c.png,matera-pre,v1,2,page_2.png,Q7,c,multi_select,circle,120,1948,48,38,human_ground_truth.json,1,train
page_2_Q7_d.png,matera-pre,v1,2,page_2.png,Q7,d,multi_select,circle,124,2008,48,46,human_ground_truth.json,1,train
page_2_Q7_e.png,matera-pre,v1,2,page_2.png,Q7,e,multi_select,circle,125,2057,44,31,human_ground_truth.json,0,train
page_2_Q8_a.png,matera-pre,v1,2,page_2.png,Q8,a,multi_select,circle,884,272,37,39,human_ground_truth.json,1,train
page_2_Q8_b.png,matera-pre,v1,2,page_2.png,Q8,b,multi_select,circle,881,333,46,46,human_ground_truth.json,1,train
page_2_Q8_c.png,matera-pre,v1,2,page_2.png,Q8,c,multi_select,circle,874,399,50,47,human_ground_truth.json,0,train
page_2_Q8_d.png,matera-pre,v1,2,page_2.png,Q8,d,multi_select,circle,888,467,38,43,human_ground_truth.json,1,train
page_2_Q9_a.png,matera-pre,v1,2,page_2.png,Q9,a,multi_select,circle,883,607,48,35,human_ground_truth.json,1,train
page_2_Q9_b.png,matera-pre,v1,2,page_2.png,Q9,b,multi_select,circle,886,641,42,31,human_ground_truth.json,1,train
page_2_Q9_c.png,matera-pre,v1,2,page_2.png,Q9,c,multi_select,circle,885,676,41,34,human_ground_truth.json,1,train
page_2_Q9_d.png,matera-pre,v1,2,page_2.png,Q9,d,multi_select,circle,884,706,44,38,human_ground_truth.json,1,train
page_2_Q9_e.png,matera-pre,v1,2,page_2.png,Q9,e,multi_select,circle,882,768,41,44,human_ground_truth.json,1,train
page_3_Q1_a.png,matera-pre,v1,3,page_3.png,Q1,a,multi_select,circle,133,264,28,31,human_ground_truth.json,1,train
page_3_Q1_b.png,matera-pre,v1,3,page_3.png,Q1,b,multi_select,circle,133,296,30,34,human_ground_truth.json,1,train
page_3_Q1_c.png,matera-pre,v1,3,page_3.png,Q1,c,multi_select,circle,132,330,34,34,human_ground_truth.json,0,train
page_3_Q1_d.png,matera-pre,v1,3,page_3.png,Q1,d,multi_select,circle,133,365,35,34,human_ground_truth.json,0,train
page_3_Q1_e.png,matera-pre,v1,3,page_3.png,Q1,e,multi_select,circle,132,402,36,32,human_ground_truth.json,1,train
page_3_Q10_a.png,matera-pre,v1,3,page_3.png,Q10,a,multi_select,circle,878,914,45,28,human_ground_truth.json,0,train
page_3_Q10_b.png,matera-pre,v1,3,page_3.png,Q10,b,multi_select,circle,879,947,47,32,human_ground_truth.json,0,train
page_3_Q10_c.png,matera-pre,v1,3,page_3.png,Q10,c,multi_select,circle,875,1009,51,36,human_ground_truth.json,1,train
page_3_Q10_d.png,matera-pre,v1,3,page_3.png,Q10,d,multi_select,circle,882,1071,48,38,human_ground_truth.json,0,train
page_3_Q10_e.png,matera-pre,v1,3,page_3.png,Q10,e,multi_select,circle,882,1110,45,46,human_ground_truth.json,1,train
page_3_Q11_a.png,matera-pre,v1,3,page_3.png,Q11,a,multi_select,circle,876,1242,45,38,human_ground_truth.json,0,train
page_3_Q11_b.png,matera-pre,v1,3,page_3.png,Q11,b,multi_select,circle,877,1283,45,32,human_ground_truth.json,1,train
page_3_Q11_c.png,matera-pre,v1,3,page_3.png,Q11,c,multi_select,circle,877,1350,47,37,human_ground_truth.json,1,train
page_3_Q11_d.png,matera-pre,v1,3,page_3.png,Q11,d,multi_select,circle,882,1415,44,43,human_ground_truth.json,1,train
page_3_Q11_e.png,matera-pre,v1,3,page_3.png,Q11,e,multi_select,circle,880,1479,44,42,human_ground_truth.json,0,train
page_3_Q12_a.png,matera-pre,v1,3,page_3.png,Q12,a,multi_select,circle,877,1649,48,37,human_ground_truth.json,1,train
page_3_Q12_b.png,matera-pre,v1,3,page_3.png,Q12,b,multi_select,circle,879,1687,43,35,human_ground_truth.json,0,train
page_3_Q12_c.png,matera-pre,v1,3,page_3.png,Q12,c,multi_select,circle,881,1724,48,29,human_ground_truth.json,0,train
page_3_Q12_d.png,matera-pre,v1,3,page_3.png,Q12,d,multi_select,circle,881,1755,46,35,human_ground_truth.json,1,train
page_3_Q12_e.png,matera-pre,v1,3,page_3.png,Q12,e,multi_select,circle,880,1790,51,37,human_ground_truth.json,0,train
page_3_Q13_1_0.png,matera-pre,v1,3,page_3.png,Q13.1,0,rating,circle,1240,1981,28,37,human_ground_truth.json,1,train
page_3_Q13_1_1.png,matera-pre,v1,3,page_3.png,Q13.1,1,rating,circle,1305,1986,23,31,human_ground_truth.json,0,train
page_3_Q13_1_2.png,matera-pre,v1,3,page_3.png,Q13.1,2,rating,circle,1366,1984,22,34,human_ground_truth.json,0,train
page_3_Q13_1_3.png,matera-pre,v1,3,page_3.png,Q13.1,3,rating,circle,1428,1986,24,32,human_ground_truth.json,0,train
page_3_Q13_1_4.png,matera-pre,v1,3,page_3.png,Q13.1,4,rating,circle,1490,1984,26,35,human_ground_truth.json,0,train
page_3_Q13_2_0.png,matera-pre,v1,3,page_3.png,Q13.2,0,rating,circle,1240,2018,27,36,human_ground_truth.json,1,train
page_3_Q13_2_1.png,matera-pre,v1,3,page_3.png,Q13.2,1,rating,circle,1303,2020,25,34,human_ground_truth.json,0,train
page_3_Q13_2_2.png,matera-pre,v1,3,page_3.png,Q13.2,2,rating,circle,1367,2022,24,32,human_ground_truth.json,0,train
page_3_Q13_2_3.png,matera-pre,v1,3,page_3.png,Q13.2,3,rating,circle,1428,2021,25,32,human_ground_truth.json,0,train
page_3_Q13_2_4.png,matera-pre,v1,3,page_3.png,Q13.2,4,rating,circle,1491,2022,24,37,human_ground_truth.json,0,train
page_3_Q14_1.png,matera-pre,v1,3,page_3.png,Q14,1,multi_select,checkbox,113,2161,36,36,human_ground_truth.json,0,train
page_3_Q14_2.png,matera-pre,v1,3,page_3.png,Q14,2,multi_select,checkbox,937,2153,34,38,human_ground_truth.json,1,train
page_3_Q14_3.png,matera-pre,v1,3,page_3.png,Q14,3,multi_select,checkbox,113,2197,37,36,human_ground_truth.json,1,train
page_3_Q14_4.png,matera-pre,v1,3,page_3.png,Q14,4,multi_select,checkbox,936,2191,38,37,human_ground_truth.json,0,train
page_3_Q2_a.png,matera-pre,v1,3,page_3.png,Q2,a,multi_select,circle,131,497,32,34,human_ground_truth.json,0,train
page_3_Q2_b.png,matera-pre,v1,3,page_3.png,Q2,b,multi_select,circle,130,530,33,34,human_ground_truth.json,0,train
page_3_Q2_c.png,matera-pre,v1,3,page_3.png,Q2,c,multi_select,circle,129,565,37,36,human_ground_truth.json,1,train
page_3_Q2_d.png,matera-pre,v1,3,page_3.png,Q2,d,multi_select,circle,126,602,40,33,human_ground_truth.json,0,train
page_3_Q2_e.png,matera-pre,v1,3,page_3.png,Q2,e,multi_select,circle,127,634,38,36,human_ground_truth.json,0,train
page_3_Q3_a.png,matera-pre,v1,3,page_3.png,Q3,a,multi_select,circle,128,734,35,35,human_ground_truth.json,1,train
page_3_Q3_b.png,matera-pre,v1,3,page_3.png,Q3,b,multi_select,circle,126,770,44,32,human_ground_truth.json,1,train
page_3_Q3_c.png,matera-pre,v1,3,page_3.png,Q3,c,multi_select,circle,128,803,45,34,human_ground_truth.json,1,train
page_3_Q3_d.png,matera-pre,v1,3,page_3.png,Q3,d,multi_select,circle,129,837,40,33,human_ground_truth.json,0,train
page_3_Q3_e.png,matera-pre,v1,3,page_3.png,Q3,e,multi_select,circle,128,872,37,30,human_ground_truth.json,0,train
page_3_Q4_a.png,matera-pre,v1,3,page_3.png,Q4,a,multi_select,circle,123,968,40,34,human_ground_truth.json,1,train
page_3_Q4_b.png,matera-pre,v1,3,page_3.png,Q4,b,multi_select,circle,124,1003,40,37,human_ground_truth.json,1,train
page_3_Q4_c.png,matera-pre,v1,3,page_3.png,Q4,c,multi_select,circle,122,1040,44,34,human_ground_truth.json,0,train
page_3_Q4_d.png,matera-pre,v1,3,page_3.png,Q4,d,multi_select,circle,122,1073,49,36,human_ground_truth.json,1,train
page_3_Q4_e.png,matera-pre,v1,3,page_3.png,Q4,e,multi_select,circle,123,1108,49,29,human_ground_truth.json,0,train
page_3_Q4_f.png,matera-pre,v1,3,page_3.png,Q4,f,multi_select,circle,123,1136,49,41,human_ground_truth.json,0,train
page_3_Q5_a.png,matera-pre,v1,3,page_3.png,Q5,a,multi_select,circle,127,1238,36,35,human_ground_truth.json,1,train
page_3_Q5_b.png,matera-pre,v1,3,page_3.png,Q5,b,multi_select,circle,125,1277,43,32,human_ground_truth.json,1,train
page_3_Q5_c.png,matera-pre,v1,3,page_3.png,Q5,c,multi_select,circle,127,1312,42,30,human_ground_truth.json,0,train
page_3_Q5_d.png,matera-pre,v1,3,page_3.png,Q5,d,multi_select,circle,124,1343,45,32,human_ground_truth.json,1,train
page_3_Q5_e.png,matera-pre,v1,3,page_3.png,Q5,e,multi_select,circle,126,1381,42,29,human_ground_truth.json,1,train
page_3_Q5_f.png,matera-pre,v1,3,page_3.png,Q5,f,multi_select,circle,125,1408,45,32,human_ground_truth.json,1,train
page_3_Q5_g.png,matera-pre,v1,3,page_3.png,Q5,g,multi_select,circle,123,1444,43,41,human_ground_truth.json,1,train
page_3_Q6_a.png,matera-pre,v1,3,page_3.png,Q6,a,multi_select,circle,124,1544,39,31,human_ground_truth.json,1,train
page_3_Q6_b.png,matera-pre,v1,3,page_3.png,Q6,b,multi_select,circle,125,1578,42,37,human_ground_truth.json,0,train
page_3_Q6_c.png,matera-pre,v1,3,page_3.png,Q6,c,multi_select,circle,126,1616,43,33,human_ground_truth.json,1,train
page_3_Q6_d.png,matera-pre,v1,3,page_3.png,Q6,d,multi_select,circle,125,1649,47,38,human_ground_truth.json,1,train
page_3_Q6_e.png,matera-pre,v1,3,page_3.png,Q6,e,multi_select,circle,124,1676,48,35,human_ground_truth.json,1,train
page_3_Q6_f.png,matera-pre,v1,3,page_3.png,Q6,f,multi_select,circle,124,1711,43,40,human_ground_truth.json,0,train
page_3_Q7_a.png,matera-pre,v1,3,page_3.png,Q7,a,multi_select,circle,122,1886,46,30,human_ground_truth.json,1,train
page_3_Q7_b.png,matera-pre,v1,3,page_3.png,Q7,b,multi_select,circle,122,1917,46,34,human_ground_truth.json,0,train
page_3_Q7_c.png,matera-pre,v1,3,page_3.png,Q7,c,multi_select,circle,120,1948,48,38,human_ground_truth.json,1,train
page_3_Q7_d.png,matera-pre,v1,3,page_3.png,Q7,d,multi_select,circle,124,2008,48,46,human_ground_truth.json,0,train
page_3_Q7_e.png,matera-pre,v1,3,page_3.png,Q7,e,multi_select,circle,125,2057,44,31,human_ground_truth.json,0,train
page_3_Q8_a.png,matera-pre,v1,3,page_3.png,Q8,a,multi_select,circle,884,272,37,39,human_ground_truth.json,1,train
page_3_Q8_b.png,matera-pre,v1,3,page_3.png,Q8,b,multi_select,circle,881,333,46,46,human_ground_truth.json,0,train
page_3_Q8_c.png,matera-pre,v1,3,page_3.png,Q8,c,multi_select,circle,874,399,50,47,human_ground_truth.json,1,train
page_3_Q8_d.png,matera-pre,v1,3,page_3.png,Q8,d,multi_select,circle,888,467,38,43,human_ground_truth.json,0,train
page_3_Q9_a.png,matera-pre,v1,3,page_3.png,Q9,a,multi_select,circle,883,607,48,35,human_ground_truth.json,1,train
page_3_Q9_b.png,matera-pre,v1,3,page_3.png,Q9,b,multi_select,circle,886,641,42,31,human_ground_truth.json,1,train
page_3_Q9_c.png,matera-pre,v1,3,page_3.png,Q9,c,multi_select,circle,885,676,41,34,human_ground_truth.json,0,train
page_3_Q9_d.png,matera-pre,v1,3,page_3.png,Q9,d,multi_select,circle,884,706,44,38,human_ground_truth.json,0,train
page_3_Q9_e.png,matera-pre,v1,3,page_3.png,Q9,e,multi_select,circle,882,768,41,44,human_ground_truth.json,1,train
page_4_Q1_a.png,matera-pre,v1,4,page_4.png,Q1,a,multi_select,circle,133,264,28,31,human_ground_truth.json,1,train
page_4_Q1_b.png,matera-pre,v1,4,page_4.png,Q1,b,multi_select,circle,133,296,30,34,human_ground_truth.json,1,train
page_4_Q1_c.png,matera-pre,v1,4,page_4.png,Q1,c,multi_select,circle,132,330,34,34,human_ground_truth.json,1,train
page_4_Q1_d.png,matera-pre,v1,4,page_4.png,Q1,d,multi_select,circle,133,365,35,34,human_ground_truth.json,1,train
page_4_Q1_e.png,matera-pre,v1,4,page_4.png,Q1,e,multi_select,circle,132,402,36,32,human_ground_truth.json,1,train
page_4_Q10_a.png,matera-pre,v1,4,page_4.png,Q10,a,multi_select,circle,878,914,45,28,human_ground_truth.json,0,train
page_4_Q10_b.png,matera-pre,v1,4,page_4.png,Q10,b,multi_select,circle,879,947,47,32,human_ground_truth.json,1,train
page_4_Q10_c.png,matera-pre,v1,4,page_4.png,Q10,c,multi_select,circle,875,1009,51,36,human_ground_truth.json,1,train
page_4_Q10_d.png,matera-pre,v1,4,page_4.png,Q10,d,multi_select,circle,882,1071,48,38,human_ground_truth.json,0,train
page_4_Q10_e.png,matera-pre,v1,4,page_4.png,Q10,e,multi_select,circle,882,1110,45,46,human_ground_truth.json,0,train
page_4_Q11_a.png,matera-pre,v1,4,page_4.png,Q11,a,multi_select,circle,876,1242,45,38,human_ground_truth.json,1,train
page_4_Q11_b.png,matera-pre,v1,4,page_4.png,Q11,b,multi_select,circle,877,1283,45,32,human_ground_truth.json,0,train
page_4_Q11_c.png,matera-pre,v1,4,page_4.png,Q11,c,multi_select,circle,877,1350,47,37,human_ground_truth.json,1,train
page_4_Q11_d.png,matera-pre,v1,4,page_4.png,Q11,d,multi_select,circle,882,1415,44,43,human_ground_truth.json,0,train
page_4_Q11_e.png,matera-pre,v1,4,page_4.png,Q11,e,multi_select,circle,880,1479,44,42,human_ground_truth.json,1,train
page_4_Q12_a.png,matera-pre,v1,4,page_4.png,Q12,a,multi_select,circle,877,1649,48,37,human_ground_truth.json,0,train
page_4_Q12_b.png,matera-pre,v1,4,page_4.png,Q12,b,multi_select,circle,879,1687,43,35,human_ground_truth.json,1,train
page_4_Q12_c.png,matera-pre,v1,4,page_4.png,Q12,c,multi_select,circle,881,1724,48,29,human_ground_truth.json,0,train
page_4_Q12_d.png,matera-pre,v1,4,page_4.png,Q12,d,multi_select,circle,881,1755,46,35,human_ground_truth.json,1,train
page_4_Q12_e.png,matera-pre,v1,4,page_4.png,Q12,e,multi_select,circle,880,1790,51,37,human_ground_truth.json,1,train
page_4_Q13_1_0.png,matera-pre,v1,4,page_4.png,Q13.1,0,rating,circle,1240,1981,28,37,human_ground_truth.json,1,train
page_4_Q13_1_1.png,matera-pre,v1,4,page_4.png,Q13.1,1,rating,circle,1305,1986,23,31,human_ground_truth.json,0,train
page_4_Q13_1_2.png,matera-pre,v1,4,page_4.png,Q13.1,2,rating,circle,1366,1984,22,34,human_ground_truth.json,0,train
page_4_Q13_1_3.png,matera-pre,v1,4,page_4.png,Q13.1,3,rating,circle,1428,1986,24,32,human_ground_truth.json,0,train
page_4_Q13_1_4.png,matera-pre,v1,4,page_4.png,Q13.1,4,rating,circle,1490,1984,26,35,human_ground_truth.json,0,train
page_4_Q13_2_0.png,matera-pre,v1,4,page_4.png,Q13.2,0,rating,circle,1240,2018,27,36,human_ground_truth.json,1,train
page_4_Q13_2_1.png,matera-pre,v1,4,page_4.png,Q13.2,1,rating,circle,1303,2020,25,34,human_ground_truth.json,0,train
page_4_Q13_2_2.png,matera-pre,v1,4,page_4.png,Q13.2,2,rating,circle,1367,2022,24,32,human_ground_truth.json,0,train
page_4_Q13_2_3.png,matera-pre,v1,4,page_4.png,Q13.2,3,rating,circle,1428,2021,25,32,human_ground_truth.json,0,train
page_4_Q13_2_4.png,matera-pre,v1,4,page_4.png,Q13.2,4,rating,circle,1491,2022,24,37,human_ground_truth.json,0,train
page_4_Q14_1.png,matera-pre,v1,4,page_4.png,Q14,1,multi_select,checkbox,113,2161,36,36,human_ground_truth.json,1,train
page_4_Q14_2.png,matera-pre,v1,4,page_4.png,Q14,2,multi_select,checkbox,937,2153,34,38,human_ground_truth.json,1,train
page_4_Q14_3.png,matera-pre,v1,4,page_4.png,Q14,3,multi_select,checkbox,113,2197,37,36,human_ground_truth.json,1,train
page_4_Q14_4.png,matera-pre,v1,4,page_4.png,Q14,4,multi_select,checkbox,936,2191,38,37,human_ground_truth.json,1,train
page_4_Q2_a.png,matera-pre,v1,4,page_4.png,Q2,a,multi_select,circle,131,497,32,34,human_ground_truth.json,1,train
page_4_Q2_b.png,matera-pre,v1,4,page_4.png,Q2,b,multi_select,circle,130,530,33,34,human_ground_truth.json,1,train
page_4_Q2_c.png,matera-pre,v1,4,page_4.png,Q2,c,multi_select,circle,129,565,37,36,human_ground_truth.json,1,train
page_4_Q2_d.png,matera-pre,v1,4,page_4.png,Q2,d,multi_select,circle,126,602,40,33,human_ground_truth.json,1,train
page_4_Q2_e.png,matera-pre,v1,4,page_4.png,Q2,e,multi_select,circle,127,634,38,36,human_ground_truth.json,1,train
page_4_Q3_a.png,matera-pre,v1,4,page_4.png,Q3,a,multi_select,circle,128,734,35,35,human_ground_truth.json,1,train
page_4_Q3_b.png,matera-pre,v1,4,page_4.png,Q3,b,multi_select,circle,126,770,44,32,human_ground_truth.json,1,train
page_4_Q3_c.png,matera-pre,v1,4,page_4.png,Q3,c,multi_select,circle,128,803,45,34,human_ground_truth.json,1,train
page_4_Q3_d.png,matera-pre,v1,4,page_4.png,Q3,d,multi_select,circle,129,837,40,33,human_ground_truth.json,1,train
page_4_Q3_e.png,matera-pre,v1,4,page_4.png,Q3,e,multi_select,circle,128,872,37,30,human_ground_truth.json,0,train
page_4_Q4_a.png,matera-pre,v1,4,page_4.png,Q4,a,multi_select,circle,123,968,40,34,human_ground_truth.json,1,train
page_4_Q4_b.png,matera-pre,v1,4,page_4.png,Q4,b,multi_select,circle,124,1003,40,37,human_ground_truth.json,1,train
page_4_Q4_c.png,matera-pre,v1,4,page_4.png,Q4,c,multi_select,circle,122,1040,44,34,human_ground_truth.json,1,train
page_4_Q4_d.png,matera-pre,v1,4,page_4.png,Q4,d,multi_select,circle,122,1073,49,36,human_ground_truth.json,1,train
page_4_Q4_e.png,matera-pre,v1,4,page_4.png,Q4,e,multi_select,circle,123,1108,49,29,human_ground_truth.json,1,train
page_4_Q4_f.png,matera-pre,v1,4,page_4.png,Q4,f,multi_select,circle,123,1136,49,41,human_ground_truth.json,1,train
page_4_Q5_a.png,matera-pre,v1,4,page_4.png,Q5,a,multi_select,circle,127,1238,36,35,human_ground_truth.json,1,train
page_4_Q5_b.png,matera-pre,v1,4,page_4.png,Q5,b,multi_select,circle,125,1277,43,32,human_ground_truth.json,1,train
page_4_Q5_c.png,matera-pre,v1,4,page_4.png,Q5,c,multi_select,circle,127,1312,42,30,human_ground_truth.json,1,train
page_4_Q5_d.png,matera-pre,v1,4,page_4.png,Q5,d,multi_select,circle,124,1343,45,32,human_ground_truth.json,1,train
page_4_Q5_e.png,matera-pre,v1,4,page_4.png,Q5,e,multi_select,circle,126,1381,42,29,human_ground_truth.json,1,train
page_4_Q5_f.png,matera-pre,v1,4,page_4.png,Q5,f,multi_select,circle,125,1408,45,32,human_ground_truth.json,1,train
page_4_Q5_g.png,matera-pre,v1,4,page_4.png,Q5,g,multi_select,circle,123,1444,43,41,human_ground_truth.json,1,train
page_4_Q6_a.png,matera-pre,v1,4,page_4.png,Q6,a,multi_select,circle,124,1544,39,31,human_ground_truth.json,1,train
page_4_Q6_b.png,matera-pre,v1,4,page_4.png,Q6,b,multi_select,circle,125,1578,42,37,human_ground_truth.json,1,train
page_4_Q6_c.png,matera-pre,v1,4,page_4.png,Q6,c,multi_select,circle,126,1616,43,33,human_ground_truth.json,1,train
page_4_Q6_d.png,matera-pre,v1,4,page_4.png,Q6,d,multi_select,circle,125,1649,47,38,human_ground_truth.json,0,train
page_4_Q6_e.png,matera-pre,v1,4,page_4.png,Q6,e,multi_select,circle,124,1676,48,35,human_ground_truth.json,0,train
page_4_Q6_f.png,matera-pre,v1,4,page_4.png,Q6,f,multi_select,circle,124,1711,43,40,human_ground_truth.json,0,train
page_4_Q7_a.png,matera-pre,v1,4,page_4.png,Q7,a,multi_select,circle,122,1886,46,30,human_ground_truth.json,1,train
page_4_Q7_b.png,matera-pre,v1,4,page_4.png,Q7,b,multi_select,circle,122,1917,46,34,human_ground_truth.json,0,train
page_4_Q7_c.png,matera-pre,v1,4,page_4.png,Q7,c,multi_select,circle,120,1948,48,38,human_ground_truth.json,0,train
page_4_Q7_d.png,matera-pre,v1,4,page_4.png,Q7,d,multi_select,circle,124,2008,48,46,human_ground_truth.json,0,train
page_4_Q7_e.png,matera-pre,v1,4,page_4.png,Q7,e,multi_select,circle,125,2057,44,31,human_ground_truth.json,0,train
page_4_Q8_a.png,matera-pre,v1,4,page_4.png,Q8,a,multi_select,circle,884,272,37,39,human_ground_truth.json,1,train
page_4_Q8_b.png,matera-pre,v1,4,page_4.png,Q8,b,multi_select,circle,881,333,46,46,human_ground_truth.json,1,train
page_4_Q8_c.png,matera-pre,v1,4,page_4.png,Q8,c,multi_select,circle,874,399,50,47,human_ground_truth.json,1,train
page_4_Q8_d.png,matera-pre,v1,4,page_4.png,Q8,d,multi_select,circle,888,467,38,43,human_ground_truth.json,0,train
page_4_Q9_a.png,matera-pre,v1,4,page_4.png,Q9,a,multi_select,circle,883,607,48,35,human_ground_truth.json,1,train
page_4_Q9_b.png,matera-pre,v1,4,page_4.png,Q9,b,multi_select,circle,886,641,42,31,human_ground_truth.json,1,train
page_4_Q9_c.png,matera-pre,v1,4,page_4.png,Q9,c,multi_select,circle,885,676,41,34,human_ground_truth.json,0,train
page_4_Q9_d.png,matera-pre,v1,4,page_4.png,Q9,d,multi_select,circle,884,706,44,38,human_ground_truth.json,1,train
page_4_Q9_e.png,matera-pre,v1,4,page_4.png,Q9,e,multi_select,circle,882,768,41,44,human_ground_truth.json,1,train
page_5_Q1_a.png,matera-pre,v1,5,page_5.png,Q1,a,multi_select,circle,133,264,28,31,human_ground_truth.json,1,train
page_5_Q1_b.png,matera-pre,v1,5,page_5.png,Q1,b,multi_select,circle,133,296,30,34,human_ground_truth.json,1,train
page_5_Q1_c.png,matera-pre,v1,5,page_5.png,Q1,c,multi_select,circle,132,330,34,34,human_ground_truth.json,1,train
page_5_Q1_d.png,matera-pre,v1,5,page_5.png,Q1,d,multi_select,circle,133,365,35,34,human_ground_truth.json,1,train
page_5_Q1_e.png,matera-pre,v1,5,page_5.png,Q1,e,multi_select,circle,132,402,36,32,human_ground_truth.json,1,train
page_5_Q10_a.png,matera-pre,v1,5,page_5.png,Q10,a,multi_select,circle,878,914,45,28,human_ground_truth.json,0,train
page_5_Q10_b.png,matera-pre,v1,5,page_5.png,Q10,b,multi_select,circle,879,947,47,32,human_ground_truth.json,0,train
page_5_Q10_c.png,matera-pre,v1,5,page_5.png,Q10,c,multi_select,circle,875,1009,51,36,human_ground_truth.json,1,train
page_5_Q10_d.png,matera-pre,v1,5,page_5.png,Q10,d,multi_select,circle,882,1071,48,38,human_ground_truth.json,1,train
page_5_Q10_e.png,matera-pre,v1,5,page_5.png,Q10,e,multi_select,circle,882,1110,45,46,human_ground_truth.json,1,train
page_5_Q11_a.png,matera-pre,v1,5,page_5.png,Q11,a,multi_select,circle,876,1242,45,38,human_ground_truth.json,0,train
page_5_Q11_b.png,matera-pre,v1,5,page_5.png,Q11,b,multi_select,circle,877,1283,45,32,human_ground_truth.json,1,train
page_5_Q11_c.png,matera-pre,v1,5,page_5.png,Q11,c,multi_select,circle,877,1350,47,37,human_ground_truth.json,1,train
page_5_Q11_d.png,matera-pre,v1,5,page_5.png,Q11,d,multi_select,circle,882,1415,44,43,human_ground_truth.json,0,train
page_5_Q11_e.png,matera-pre,v1,5,page_5.png,Q11,e,multi_select,circle,880,1479,44,42,human_ground_truth.json,1,train
page_5_Q12_a.png,matera-pre,v1,5,page_5.png,Q12,a,multi_select,circle,877,1649,48,37,human_ground_truth.json,1,train
page_5_Q12_b.png,matera-pre,v1,5,page_5.png,Q12,b,multi_select,circle,879,1687,43,35,human_ground_truth.json,1,train
page_5_Q12_c.png,matera-pre,v1,5,page_5.png,Q12,c,multi_select,circle,881,1724,48,29,human_ground_truth.json,0,train
page_5_Q12_d.png,matera-pre,v1,5,page_5.png,Q12,d,multi_select,circle,881,1755,46,35,human_ground_truth.json,1,train
page_5_Q12_e.png,matera-pre,v1,5,page_5.png,Q12,e,multi_select,circle,880,1790,51,37,human_ground_truth.json,1,train
page_5_Q13_1_0.png,matera-pre,v1,5,page_5.png,Q13.1,0,rating,circle,1240,1981,28,37,human_ground_truth.json,0,train
page_5_Q13_1_1.png,matera-pre,v1,5,page_5.png,Q13.1,1,rating,circle,1305,1986,23,31,human_ground_truth.json,0,train
page_5_Q13_1_2.png,matera-pre,v1,5,page_5.png,Q13.1,2,rating,circle,1366,1984,22,34,human_ground_truth.json,0,train
page_5_Q13_1_3.png,matera-pre,v1,5,page_5.png,Q13.1,3,rating,circle,1428,1986,24,32,human_ground_truth.json,1,train
page_5_Q13_1_4.png,matera-pre,v1,5,page_5.png,Q13.1,4,rating,circle,1490,1984,26,35,human_ground_truth.json,0,train
page_5_Q13_2_0.png,matera-pre,v1,5,page_5.png,Q13.2,0,rating,circle,1240,2018,27,36,human_ground_truth.json,0,train
page_5_Q13_2_1.png,matera-pre,v1,5,page_5.png,Q13.2,1,rating,circle,1303,2020,25,34,human_ground_truth.json,0,train
page_5_Q13_2_2.png,matera-pre,v1,5,page_5.png,Q13.2,2,rating,circle,1367,2022,24,32,human_ground_truth.json,0,train
page_5_Q13_2_3.png,matera-pre,v1,5,page_5.png,Q13.2,3,rating,circle,1428,2021,25,32,human_ground_truth.json,1,train
page_5_Q13_2_4.png,matera-pre,v1,5,page_5.png,Q13.2,4,rating,circle,1491,2022,24,37,human_ground_truth.json,0,train
page_5_Q14_1.png,matera-pre,v1,5,page_5.png,Q14,1,multi_select,checkbox,113,2161,36,36,human_ground_truth.json,1,train
page_5_Q14_2.png,matera-pre,v1,5,page_5.png,Q14,2,multi_select,checkbox,937,2153,34,38,human_ground_truth.json,1,train
page_5_Q14_3.png,matera-pre,v1,5,page_5.png,Q14,3,multi_select,checkbox,113,2197,37,36,human_ground_truth.json,1,train
page_5_Q14_4.png,matera-pre,v1,5,page_5.png,Q14,4,multi_select,checkbox,936,2191,38,37,human_ground_truth.json,1,train
page_5_Q2_a.png,matera-pre,v1,5,page_5.png,Q2,a,multi_select,circle,131,497,32,34,human_ground_truth.json,1,train
page_5_Q2_b.png,matera-pre,v1,5,page_5.png,Q2,b,multi_select,circle,130,530,33,34,human_ground_truth.json,1,train
page_5_Q2_c.png,matera-pre,v1,5,page_5.png,Q2,c,multi_select,circle,129,565,37,36,human_ground_truth.json,1,train
page_5_Q2_d.png,matera-pre,v1,5,page_5.png,Q2,d,multi_select,circle,126,602,40,33,human_ground_truth.json,1,train
page_5_Q2_e.png,matera-pre,v1,5,page_5.png,Q2,e,multi_select,circle,127,634,38,36,human_ground_truth.json,1,train
page_5_Q3_a.png,matera-pre,v1,5,page_5.png,Q3,a,multi_select,circle,128,734,35,35,human_ground_truth.json,1,train
page_5_Q3_b.png,matera-pre,v1,5,page_5.png,Q3,b,multi_select,circle,126,770,44,32,human_ground_truth.json,1,train
page_5_Q3_c.png,matera-pre,v1,5,page_5.png,Q3,c,multi_select,circle,128,803,45,34,human_ground_truth.json,1,train
page_5_Q3_d.png,matera-pre,v1,5,page_5.png,Q3,d,multi_select,circle,129,837,40,33,human_ground_truth.json,1,train
page_5_Q3_e.png,matera-pre,v1,5,page_5.png,Q3,e,multi_select,circle,128,872,37,30,human_ground_truth.json,1,train
page_5_Q4_a.png,matera-pre,v1,5,page_5.png,Q4,a,multi_select,circle,123,968,40,34,human_ground_truth.json,1,train
page_5_Q4_b.png,matera-pre,v1,5,page_5.png,Q4,b,multi_select,circle,124,1003,40,37,human_ground_truth.json,1,train
page_5_Q4_c.png,matera-pre,v1,5,page_5.png,Q4,c,multi_select,circle,122,1040,44,34,human_ground_truth.json,1,train
page_5_Q4_d.png,matera-pre,v1,5,page_5.png,Q4,d,multi_select,circle,122,1073,49,36,human_ground_truth.json,1,train
page_5_Q4_e.png,matera-pre,v1,5,page_5.png,Q4,e,multi_select,circle,123,1108,49,29,human_ground_truth.json,1,train
page_5_Q4_f.png,matera-pre,v1,5,page_5.png,Q4,f,multi_select,circle,123,1136,49,41,human_ground_truth.json,1,train
page_5_Q5_a.png,matera-pre,v1,5,page_5.png,Q5,a,multi_select,circle,127,1238,36,35,human_ground_truth.json,1,train
page_5_Q5_b.png,matera-pre,v1,5,page_5.png,Q5,b,multi_select,circle,125,1277,43,32,human_ground_truth.json,1,train
page_5_Q5_c.png,matera-pre,v1,5,page_5.png,Q5,c,multi_select,circle,127,1312,42,30,human_ground_truth.json,1,train
page_5_Q5_d.png,matera-pre,v1,5,page_5.png,Q5,d,multi_select,circle,124,1343,45,32,human_ground_truth.json,1,train
page_5_Q5_e.png,matera-pre,v1,5,page_5.png,Q5,e,multi_select,circle,126,1381,42,29,human_ground_truth.json,1,train
page_5_Q5_f.png,matera-pre,v1,5,page_5.png,Q5,f,multi_select,circle,125,1408,45,32,human_ground_truth.json,1,train
page_5_Q5_g.png,matera-pre,v1,5,page_5.png,Q5,g,multi_select,circle,123,1444,43,41,human_ground_truth.json,1,train
page_5_Q6_a.png,matera-pre,v1,5,page_5.png,Q6,a,multi_select,circle,124,1544,39,31,human_ground_truth.json,1,train
page_5_Q6_b.png,matera-pre,v1,5,page_5.png,Q6,b,multi_select,circle,125,1578,42,37,human_ground_truth.json,0,train
page_5_Q6_c.png,matera-pre,v1,5,page_5.png,Q6,c,multi_select,circle,126,1616,43,33,human_ground_truth.json,1,train
page_5_Q6_d.png,matera-pre,v1,5,page_5.png,Q6,d,multi_select,circle,125,1649,47,38,human_ground_truth.json,1,train
page_5_Q6_e.png,matera-pre,v1,5,page_5.png,Q6,e,multi_select,circle,124,1676,48,35,human_ground_truth.json,1,train
page_5_Q6_f.png,matera-pre,v1,5,page_5.png,Q6,f,multi_select,circle,124,1711,43,40,human_ground_truth.json,1,train
page_5_Q7_a.png,matera-pre,v1,5,page_5.png,Q7,a,multi_select,circle,122,1886,46,30,human_ground_truth.json,1,train
page_5_Q7_b.png,matera-pre,v1,5,page_5.png,Q7,b,multi_select,circle,122,1917,46,34,human_ground_truth.json,1,train
page_5_Q7_c.png,matera-pre,v1,5,page_5.png,Q7,c,multi_select,circle,120,1948,48,38,human_ground_truth.json,1,train
page_5_Q7_d.png,matera-pre,v1,5,page_5.png,Q7,d,multi_select,circle,124,2008,48,46,human_ground_truth.json,1,train
page_5_Q7_e.png,matera-pre,v1,5,page_5.png,Q7,e,multi_select,circle,125,2057,44,31,human_ground_truth.json,0,train
page_5_Q8_a.png,matera-pre,v1,5,page_5.png,Q8,a,multi_select,circle,884,272,37,39,human_ground_truth.json,1,train
page_5_Q8_b.png,matera-pre,v1,5,page_5.png,Q8,b,multi_select,circle,881,333,46,46,human_ground_truth.json,1,train
page_5_Q8_c.png,matera-pre,v1,5,page_5.png,Q8,c,multi_select,circle,874,399,50,47,human_ground_truth.json,1,train
page_5_Q8_d.png,matera-pre,v1,5,page_5.png,Q8,d,multi_select,circle,888,467,38,43,human_ground_truth.json,1,train
page_5_Q9_a.png,matera-pre,v1,5,page_5.png,Q9,a,multi_select,circle,883,607,48,35,human_ground_truth.json,1,train
page_5_Q9_b.png,matera-pre,v1,5,page_5.png,Q9,b,multi_select,circle,886,641,42,31,human_ground_truth.json,1,train
page_5_Q9_c.png,matera-pre,v1,5,page_5.png,Q9,c,multi_select,circle,885,676,41,34,human_ground_truth.json,1,train
page_5_Q9_d.png,matera-pre,v1,5,page_5.png,Q9,d,multi_select,circle,884,706,44,38,human_ground_truth.json,1,train
page_5_Q9_e.png,matera-pre,v1,5,page_5.png,Q9,e,multi_select,circle,882,768,41,44,human_ground_truth.json,1,train
page_6_Q1_a.png,matera-pre,v1,6,page_6.png,Q1,a,multi_select,circle,133,264,28,31,human_ground_truth.json,1,dev
page_6_Q1_b.png,matera-pre,v1,6,page_6.png,Q1,b,multi_select,circle,133,296,30,34,human_ground_truth.json,1,dev
page_6_Q1_c.png,matera-pre,v1,6,page_6.png,Q1,c,multi_select,circle,132,330,34,34,human_ground_truth.json,1,dev
page_6_Q1_d.png,matera-pre,v1,6,page_6.png,Q1,d,multi_select,circle,133,365,35,34,human_ground_truth.json,1,dev
page_6_Q1_e.png,matera-pre,v1,6,page_6.png,Q1,e,multi_select,circle,132,402,36,32,human_ground_truth.json,1,dev
page_6_Q10_a.png,matera-pre,v1,6,page_6.png,Q10,a,multi_select,circle,878,914,45,28,human_ground_truth.json,0,dev
page_6_Q10_b.png,matera-pre,v1,6,page_6.png,Q10,b,multi_select,circle,879,947,47,32,human_ground_truth.json,0,dev
page_6_Q10_c.png,matera-pre,v1,6,page_6.png,Q10,c,multi_select,circle,875,1009,51,36,human_ground_truth.json,1,dev
page_6_Q10_d.png,matera-pre,v1,6,page_6.png,Q10,d,multi_select,circle,882,1071,48,38,human_ground_truth.json,1,dev
page_6_Q10_e.png,matera-pre,v1,6,page_6.png,Q10,e,multi_select,circle,882,1110,45,46,human_ground_truth.json,1,dev
page_6_Q11_a.png,matera-pre,v1,6,page_6.png,Q11,a,multi_select,circle,876,1242,45,38,human_ground_truth.json,0,dev
page_6_Q11_b.png,matera-pre,v1,6,page_6.png,Q11,b,multi_select,circle,877,1283,45,32,human_ground_truth.json,1,dev
page_6_Q11_c.png,matera-pre,v1,6,page_6.png,Q11,c,multi_select,circle,877,1350,47,37,human_ground_truth.json,1,dev
page_6_Q11_d.png,matera-pre,v1,6,page_6.png,Q11,d,multi_select,circle,882,1415,44,43,human_ground_truth.json,0,dev
page_6_Q11_e.png,matera-pre,v1,6,page_6.png,Q11,e,multi_select,circle,880,1479,44,42,human_ground_truth.json,1,dev
page_6_Q12_a.png,matera-pre,v1,6,page_6.png,Q12,a,multi_select,circle,877,1649,48,37,human_ground_truth.json,1,dev
page_6_Q12_b.png,matera-pre,v1,6,page_6.png,Q12,b,multi_select,circle,879,1687,43,35,human_ground_truth.json,1,dev
page_6_Q12_c.png,matera-pre,v1,6,page_6.png,Q12,c,multi_select,circle,881,1724,48,29,human_ground_truth.json,0,dev
page_6_Q12_d.png,matera-pre,v1,6,page_6.png,Q12,d,multi_select,circle,881,1755,46,35,human_ground_truth.json,1,dev
page_6_Q12_e.png,matera-pre,v1,6,page_6.png,Q12,e,multi_select,circle,880,1790,51,37,human_ground_truth.json,1,dev
page_6_Q13_1_0.png,matera-pre,v1,6,page_6.png,Q13.1,0,rating,circle,1240,1981,28,37,human_ground_truth.json,0,dev
page_6_Q13_1_1.png,matera-pre,v1,6,page_6.png,Q13.1,1,rating,circle,1305,1986,23,31,human_ground_truth.json,0,dev
page_6_Q13_1_2.png,matera-pre,v1,6,page_6.png,Q13.1,2,rating,circle,1366,1984,22,34,human_ground_truth.json,0,dev
page_6_Q13_1_3.png,matera-pre,v1,6,page_6.png,Q13.1,3,rating,circle,1428,1986,24,32,human_ground_truth.json,0,dev
page_6_Q13_1_4.png,matera-pre,v1,6,page_6.png,Q13.1,4,rating,circle,1490,1984,26,35,human_ground_truth.json,1,dev
page_6_Q13_2_0.png,matera-pre,v1,6,page_6.png,Q13.2,0,rating,circle,1240,2018,27,36,human_ground_truth.json,0,dev
page_6_Q13_2_1.png,matera-pre,v1,6,page_6.png,Q13.2,1,rating,circle,1303,2020,25,34,human_ground_truth.json,0,dev
page_6_Q13_2_2.png,matera-pre,v1,6,page_6.png,Q13.2,2,rating,circle,1367,2022,24,32,human_ground_truth.json,0,dev
page_6_Q13_2_3.png,matera-pre,v1,6,page_6.png,Q13.2,3,rating,circle,1428,2021,25,32,human_ground_truth.json,0,dev
page_6_Q13_2_4.png,matera-pre,v1,6,page_6.png,Q13.2,4,rating,circle,1491,2022,24,37,human_ground_truth.json,1,dev
page_6_Q14_1.png,matera-pre,v1,6,page_6.png,Q14,1,multi_select,checkbox,113,2161,36,36,human_ground_truth.json,1,dev
page_6_Q14_2.png,matera-pre,v1,6,page_6.png,Q14,2,multi_select,checkbox,937,2153,34,38,human_ground_truth.json,1,dev
page_6_Q14_3.png,matera-pre,v1,6,page_6.png,Q14,3,multi_select,checkbox,113,2197,37,36,human_ground_truth.json,1,dev
page_6_Q14_4.png,matera-pre,v1,6,page_6.png,Q14,4,multi_select,checkbox,936,2191,38,37,human_ground_truth.json,0,dev
page_6_Q2_a.png,matera-pre,v1,6,page_6.png,Q2,a,multi_select,circle,131,497,32,34,human_ground_truth.json,1,dev
page_6_Q2_b.png,matera-pre,v1,6,page_6.png,Q2,b,multi_select,circle,130,530,33,34,human_ground_truth.json,1,dev
page_6_Q2_c.png,matera-pre,v1,6,page_6.png,Q2,c,multi_select,circle,129,565,37,36,human_ground_truth.json,1,dev
page_6_Q2_d.png,matera-pre,v1,6,page_6.png,Q2,d,multi_select,circle,126,602,40,33,human_ground_truth.json,1,dev
page_6_Q2_e.png,matera-pre,v1,6,page_6.png,Q2,e,multi_select,circle,127,634,38,36,human_ground_truth.json,1,dev
page_6_Q3_a.png,matera-pre,v1,6,page_6.png,Q3,a,multi_select,circle,128,734,35,35,human_ground_truth.json,1,dev
page_6_Q3_b.png,matera-pre,v1,6,page_6.png,Q3,b,multi_select,circle,126,770,44,32,human_ground_truth.json,1,dev
page_6_Q3_c.png,matera-pre,v1,6,page_6.png,Q3,c,multi_select,circle,128,803,45,34,human_ground_truth.json,1,dev
page_6_Q3_d.png,matera-pre,v1,6,page_6.png,Q3,d,multi_select,circle,129,837,40,33,human_ground_truth.json,1,dev
page_6_Q3_e.png,matera-pre,v1,6,page_6.png,Q3,e,multi_select,circle,128,872,37,30,human_ground_truth.json,1,dev
page_6_Q4_a.png,matera-pre,v1,6,page_6.png,Q4,a,multi_select,circle,123,968,40,34,human_ground_truth.json,1,dev
page_6_Q4_b.png,matera-pre,v1,6,page_6.png,Q4,b,multi_select,circle,124,1003,40,37,human_ground_truth.json,1,dev
page_6_Q4_c.png,matera-pre,v1,6,page_6.png,Q4,c,multi_select,circle,122,1040,44,34,human_ground_truth.json,1,dev
page_6_Q4_d.png,matera-pre,v1,6,page_6.png,Q4,d,multi_select,circle,122,1073,49,36,human_ground_truth.json,1,dev
page_6_Q4_e.png,matera-pre,v1,6,page_6.png,Q4,e,multi_select,circle,123,1108,49,29,human_ground_truth.json,1,dev
page_6_Q4_f.png,matera-pre,v1,6,page_6.png,Q4,f,multi_select,circle,123,1136,49,41,human_ground_truth.json,1,dev
page_6_Q5_a.png,matera-pre,v1,6,page_6.png,Q5,a,multi_select,circle,127,1238,36,35,human_ground_truth.json,1,dev
page_6_Q5_b.png,matera-pre,v1,6,page_6.png,Q5,b,multi_select,circle,125,1277,43,32,human_ground_truth.json,1,dev
page_6_Q5_c.png,matera-pre,v1,6,page_6.png,Q5,c,multi_select,circle,127,1312,42,30,human_ground_truth.json,1,dev
page_6_Q5_d.png,matera-pre,v1,6,page_6.png,Q5,d,multi_select,circle,124,1343,45,32,human_ground_truth.json,1,dev
page_6_Q5_e.png,matera-pre,v1,6,page_6.png,Q5,e,multi_select,circle,126,1381,42,29,human_ground_truth.json,1,dev
page_6_Q5_f.png,matera-pre,v1,6,page_6.png,Q5,f,multi_select,circle,125,1408,45,32,human_ground_truth.json,1,dev
page_6_Q5_g.png,matera-pre,v1,6,page_6.png,Q5,g,multi_select,circle,123,1444,43,41,human_ground_truth.json,1,dev
page_6_Q6_a.png,matera-pre,v1,6,page_6.png,Q6,a,multi_select,circle,124,1544,39,31,human_ground_truth.json,1,dev
page_6_Q6_b.png,matera-pre,v1,6,page_6.png,Q6,b,multi_select,circle,125,1578,42,37,human_ground_truth.json,0,dev
page_6_Q6_c.png,matera-pre,v1,6,page_6.png,Q6,c,multi_select,circle,126,1616,43,33,human_ground_truth.json,1,dev
page_6_Q6_d.png,matera-pre,v1,6,page_6.png,Q6,d,multi_select,circle,125,1649,47,38,human_ground_truth.json,0,dev
page_6_Q6_e.png,matera-pre,v1,6,page_6.png,Q6,e,multi_select,circle,124,1676,48,35,human_ground_truth.json,1,dev
page_6_Q6_f.png,matera-pre,v1,6,page_6.png,Q6,f,multi_select,circle,124,1711,43,40,human_ground_truth.json,1,dev
page_6_Q7_a.png,matera-pre,v1,6,page_6.png,Q7,a,multi_select,circle,122,1886,46,30,human_ground_truth.json,1,dev
page_6_Q7_b.png,matera-pre,v1,6,page_6.png,Q7,b,multi_select,circle,122,1917,46,34,human_ground_truth.json,1,dev
page_6_Q7_c.png,matera-pre,v1,6,page_6.png,Q7,c,multi_select,circle,120,1948,48,38,human_ground_truth.json,0,dev
page_6_Q7_d.png,matera-pre,v1,6,page_6.png,Q7,d,multi_select,circle,124,2008,48,46,human_ground_truth.json,1,dev
page_6_Q7_e.png,matera-pre,v1,6,page_6.png,Q7,e,multi_select,circle,125,2057,44,31,human_ground_truth.json,0,dev
page_6_Q8_a.png,matera-pre,v1,6,page_6.png,Q8,a,multi_select,circle,884,272,37,39,human_ground_truth.json,1,dev
page_6_Q8_b.png,matera-pre,v1,6,page_6.png,Q8,b,multi_select,circle,881,333,46,46,human_ground_truth.json,1,dev
page_6_Q8_c.png,matera-pre,v1,6,page_6.png,Q8,c,multi_select,circle,874,399,50,47,human_ground_truth.json,1,dev
page_6_Q8_d.png,matera-pre,v1,6,page_6.png,Q8,d,multi_select,circle,888,467,38,43,human_ground_truth.json,0,dev
page_6_Q9_a.png,matera-pre,v1,6,page_6.png,Q9,a,multi_select,circle,883,607,48,35,human_ground_truth.json,1,dev
page_6_Q9_b.png,matera-pre,v1,6,page_6.png,Q9,b,multi_select,circle,886,641,42,31,human_ground_truth.json,1,dev
page_6_Q9_c.png,matera-pre,v1,6,page_6.png,Q9,c,multi_select,circle,885,676,41,34,human_ground_truth.json,1,dev
page_6_Q9_d.png,matera-pre,v1,6,page_6.png,Q9,d,multi_select,circle,884,706,44,38,human_ground_truth.json,1,dev
page_6_Q9_e.png,matera-pre,v1,6,page_6.png,Q9,e,multi_select,circle,882,768,41,44,human_ground_truth.json,1,dev
page_7_Q1_a.png,matera-pre,v1,7,page_7.png,Q1,a,multi_select,circle,133,264,28,31,human_ground_truth.json,0,dev
page_7_Q1_b.png,matera-pre,v1,7,page_7.png,Q1,b,multi_select,circle,133,296,30,34,human_ground_truth.json,0,dev
page_7_Q1_c.png,matera-pre,v1,7,page_7.png,Q1,c,multi_select,circle,132,330,34,34,human_ground_truth.json,0,dev
page_7_Q1_d.png,matera-pre,v1,7,page_7.png,Q1,d,multi_select,circle,133,365,35,34,human_ground_truth.json,0,dev
page_7_Q1_e.png,matera-pre,v1,7,page_7.png,Q1,e,multi_select,circle,132,402,36,32,human_ground_truth.json,1,dev
page_7_Q10_a.png,matera-pre,v1,7,page_7.png,Q10,a,multi_select,circle,878,914,45,28,human_ground_truth.json,0,dev
page_7_Q10_b.png,matera-pre,v1,7,page_7.png,Q10,b,multi_select,circle,879,947,47,32,human_ground_truth.json,0,dev
page_7_Q10_c.png,matera-pre,v1,7,page_7.png,Q10,c,multi_select,circle,875,1009,51,36,human_ground_truth.json,0,dev
page_7_Q10_d.png,matera-pre,v1,7,page_7.png,Q10,d,multi_select,circle,882,1071,48,38,human_ground_truth.json,0,dev
page_7_Q10_e.png,matera-pre,v1,7,page_7.png,Q10,e,multi_select,circle,882,1110,45,46,human_ground_truth.json,1,dev
page_7_Q11_a.png,matera-pre,v1,7,page_7.png,Q11,a,multi_select,circle,876,1242,45,38,human_ground_truth.json,0,dev
page_7_Q11_b.png,matera-pre,v1,7,page_7.png,Q11,b,multi_select,circle,877,1283,45,32,human_ground_truth.json,0,dev
page_7_Q11_c.png,matera-pre,v1,7,page_7.png,Q11,c,multi_select,circle,877,1350,47,37,human_ground_truth.json,1,dev
page_7_Q11_d.png,matera-pre,v1,7,page_7.png,Q11,d,multi_select,circle,882,1415,44,43,human_ground_truth.json,0,dev
page_7_Q11_e.png,matera-pre,v1,7,page_7.png,Q11,e,multi_select,circle,880,1479,44,42,human_ground_truth.json,0,dev
page_7_Q12_a.png,matera-pre,v1,7,page_7.png,Q12,a,multi_select,circle,877,1649,48,37,human_ground_truth.json,0,dev
page_7_Q12_b.png,matera-pre,v1,7,page_7.png,Q12,b,multi_select,circle,879,1687,43,35,human_ground_truth.json,1,dev
page_7_Q12_c.png,matera-pre,v1,7,page_7.png,Q12,c,multi_select,circle,881,1724,48,29,human_ground_truth.json,0,dev
page_7_Q12_d.png,matera-pre,v1,7,page_7.png,Q12,d,multi_select,circle,881,1755,46,35,human_ground_truth.json,0,dev
page_7_Q12_e.png,matera-pre,v1,7,page_7.png,Q12,e,multi_select,circle,880,1790,51,37,human_ground_truth.json,0,dev
page_7_Q13_1_0.png,matera-pre,v1,7,page_7.png,Q13.1,0,rating,circle,1240,1981,28,37,human_ground_truth.json,0,dev
page_7_Q13_1_1.png,matera-pre,v1,7,page_7.png,Q13.1,1,rating,circle,1305,1986,23,31,human_ground_truth.json,0,dev
page_7_Q13_1_2.png,matera-pre,v1,7,page_7.png,Q13.1,2,rating,circle,1366,1984,22,34,human_ground_truth.json,1,dev
page_7_Q13_1_3.png,matera-pre,v1,7,page_7.png,Q13.1,3,rating,circle,1428,1986,24,32,human_ground_truth.json,0,dev
page_7_Q13_1_4.png,matera-pre,v1,7,page_7.png,Q13.1,4,rating,circle,1490,1984,26,35,human_ground_truth.json,0,dev
page_7_Q13_2_0.png,matera-pre,v1,7,page_7.png,Q13.2,0,rating,circle,1240,2018,27,36,human_ground_truth.json,0,dev
page_7_Q13_2_1.png,matera-pre,v1,7,page_7.png,Q13.2,1,rating,circle,1303,2020,25,34,human_ground_truth.json,0,dev
page_7_Q13_2_2.png,matera-pre,v1,7,page_7.png,Q13.2,2,rating,circle,1367,2022,24,32,human_ground_truth.json,1,dev
page_7_Q13_2_3.png,matera-pre,v1,7,page_7.png,Q13.2,3,rating,circle,1428,2021,25,32,human_ground_truth.json,0,dev
page_7_Q13_2_4.png,matera-pre,v1,7,page_7.png,Q13.2,4,rating,circle,1491,2022,24,37,human_ground_truth.json,0,dev
page_7_Q14_1.png,matera-pre,v1,7,page_7.png,Q14,1,multi_select,checkbox,113,2161,36,36,human_ground_truth.json,0,dev
page_7_Q14_2.png,matera-pre,v1,7,page_7.png,Q14,2,multi_select,checkbox,937,2153,34,38,human_ground_truth.json,0,dev
page_7_Q14_3.png,matera-pre,v1,7,page_7.png,Q14,3,multi_select,checkbox,113,2197,37,36,human_ground_truth.json,0,dev
page_7_Q14_4.png,matera-pre,v1,7,page_7.png,Q14,4,multi_select,checkbox,936,2191,38,37,human_ground_truth.json,1,dev
page_7_Q2_a.png,matera-pre,v1,7,page_7.png,Q2,a,multi_select,circle,131,497,32,34,human_ground_truth.json,0,dev
page_7_Q2_b.png,matera-pre,v1,7,page_7.png,Q2,b,multi_select,circle,130,530,33,34,human_ground_truth.json,0,dev
page_7_Q2_c.png,matera-pre,v1,7,page_7.png,Q2,c,multi_select,circle,129,565,37,36,human_ground_truth.json,1,dev
page_7_Q2_d.png,matera-pre,v1,7,page_7.png,Q2,d,multi_select,circle,126,602,40,33,human_ground_truth.json,0,dev
page_7_Q2_e.png,matera-pre,v1,7,page_7.png,Q2,e,multi_select,circle,127,634,38,36,human_ground_truth.json,0,dev
page_7_Q3_a.png,matera-pre,v1,7,page_7.png,Q3,a,multi_select,circle,128,734,35,35,human_ground_truth.json,1,dev
page_7_Q3_b.png,matera-pre,v1,7,page_7.png,Q3,b,multi_select,circle,126,770,44,32,human_ground_truth.json,0,dev
page_7_Q3_c.png,matera-pre,v1,7,page_7.png,Q3,c,multi_select,circle,128,803,45,34,human_ground_truth.json,0,dev
page_7_Q3_d.png,matera-pre,v1,7,page_7.png,Q3,d,multi_select,circle,129,837,40,33,human_ground_truth.json,0,dev
page_7_Q3_e.png,matera-pre,v1,7,page_7.png,Q3,e,multi_select,circle,128,872,37,30,human_ground_truth.json,0,dev
page_7_Q4_a.png,matera-pre,v1,7,page_7.png,Q4,a,multi_select,circle,123,968,40,34,human_ground_truth.json,0,dev
page_7_Q4_b.png,matera-pre,v1,7,page_7.png,Q4,b,multi_select,circle,124,1003,40,37,human_ground_truth.json,0,dev
page_7_Q4_c.png,matera-pre,v1,7,page_7.png,Q4,c,multi_select,circle,122,1040,44,34,human_ground_truth.json,0,dev
page_7_Q4_d.png,matera-pre,v1,7,page_7.png,Q4,d,multi_select,circle,122,1073,49,36,human_ground_truth.json,1,dev
page_7_Q4_e.png,matera-pre,v1,7,page_7.png,Q4,e,multi_select,circle,123,1108,49,29,human_ground_truth.json,0,dev
page_7_Q4_f.png,matera-pre,v1,7,page_7.png,Q4,f,multi_select,circle,123,1136,49,41,human_ground_truth.json,0,dev
page_7_Q5_a.png,matera-pre,v1,7,page_7.png,Q5,a,multi_select,circle,127,1238,36,35,human_ground_truth.json,0,dev
page_7_Q5_b.png,matera-pre,v1,7,page_7.png,Q5,b,multi_select,circle,125,1277,43,32,human_ground_truth.json,1,dev
page_7_Q5_c.png,matera-pre,v1,7,page_7.png,Q5,c,multi_select,circle,127,1312,42,30,human_ground_truth.json,0,dev
page_7_Q5_d.png,matera-pre,v1,7,page_7.png,Q5,d,multi_select,circle,124,1343,45,32,human_ground_truth.json,0,dev
page_7_Q5_e.png,matera-pre,v1,7,page_7.png,Q5,e,multi_select,circle,126,1381,42,29,human_ground_truth.json,0,dev
page_7_Q5_f.png,matera-pre,v1,7,page_7.png,Q5,f,multi_select,circle,125,1408,45,32,human_ground_truth.json,1,dev
page_7_Q5_g.png,matera-pre,v1,7,page_7.png,Q5,g,multi_select,circle,123,1444,43,41,human_ground_truth.json,0,dev
page_7_Q6_a.png,matera-pre,v1,7,page_7.png,Q6,a,multi_select,circle,124,1544,39,31,human_ground_truth.json,0,dev
page_7_Q6_b.png,matera-pre,v1,7,page_7.png,Q6,b,multi_select,circle,125,1578,42,37,human_ground_truth.json,0,dev
page_7_Q6_c.png,matera-pre,v1,7,page_7.png,Q6,c,multi_select,circle,126,1616,43,33,human_ground_truth.json,1,dev
page_7_Q6_d.png,matera-pre,v1,7,page_7.png,Q6,d,multi_select,circle,125,1649,47,38,human_ground_truth.json,0,dev
page_7_Q6_e.png,matera-pre,v1,7,page_7.png,Q6,e,multi_select,circle,124,1676,48,35,human_ground_truth.json,0,dev
page_7_Q6_f.png,matera-pre,v1,7,page_7.png,Q6,f,multi_select,circle,124,1711,43,40,human_ground_truth.json,0,dev
page_7_Q7_a.png,matera-pre,v1,7,page_7.png,Q7,a,multi_select,circle,122,1886,46,30,human_ground_truth.json,1,dev
page_7_Q7_b.png,matera-pre,v1,7,page_7.png,Q7,b,multi_select,circle,122,1917,46,34,human_ground_truth.json,0,dev
page_7_Q7_c.png,matera-pre,v1,7,page_7.png,Q7,c,multi_select,circle,120,1948,48,38,human_ground_truth.json,0,dev
page_7_Q7_d.png,matera-pre,v1,7,page_7.png,Q7,d,multi_select,circle,124,2008,48,46,human_ground_truth.json,0,dev
page_7_Q7_e.png,matera-pre,v1,7,page_7.png,Q7,e,multi_select,circle,125,2057,44,31,human_ground_truth.json,1,dev
page_7_Q8_a.png,matera-pre,v1,7,page_7.png,Q8,a,multi_select,circle,884,272,37,39,human_ground_truth.json,0,dev
page_7_Q8_b.png,matera-pre,v1,7,page_7.png,Q8,b,multi_select,circle,881,333,46,46,human_ground_truth.json,1,dev
page_7_Q8_c.png,matera-pre,v1,7,page_7.png,Q8,c,multi_select,circle,874,399,50,47,human_ground_truth.json,0,dev
page_7_Q8_d.png,matera-pre,v1,7,page_7.png,Q8,d,multi_select,circle,888,467,38,43,human_ground_truth.json,0,dev
page_7_Q9_a.png,matera-pre,v1,7,page_7.png,Q9,a,multi_select,circle,883,607,48,35,human_ground_truth.json,0,dev
page_7_Q9_b.png,matera-pre,v1,7,page_7.png,Q9,b,multi_select,circle,886,641,42,31,human_ground_truth.json,0,dev
page_7_Q9_c.png,matera-pre,v1,7,page_7.png,Q9,c,multi_select,circle,885,676,41,34,human_ground_truth.json,1,dev
page_7_Q9_d.png,matera-pre,v1,7,page_7.png,Q9,d,multi_select,circle,884,706,44,38,human_ground_truth.json,0,dev
page_7_Q9_e.png,matera-pre,v1,7,page_7.png,Q9,e,multi_select,circle,882,768,41,44,human_ground_truth.json,0,dev
page_8_Q1_a.png,matera-pre,v1,8,page_8.png,Q1,a,multi_select,circle,133,264,28,31,human_ground_truth.json,1,dev
page_8_Q1_b.png,matera-pre,v1,8,page_8.png,Q1,b,multi_select,circle,133,296,30,34,human_ground_truth.json,1,dev
page_8_Q1_c.png,matera-pre,v1,8,page_8.png,Q1,c,multi_select,circle,132,330,34,34,human_ground_truth.json,1,dev
page_8_Q1_d.png,matera-pre,v1,8,page_8.png,Q1,d,multi_select,circle,133,365,35,34,human_ground_truth.json,1,dev
page_8_Q1_e.png,matera-pre,v1,8,page_8.png,Q1,e,multi_select,circle,132,402,36,32,human_ground_truth.json,1,dev
page_8_Q10_a.png,matera-pre,v1,8,page_8.png,Q10,a,multi_select,circle,878,914,45,28,human_ground_truth.json,0,dev
page_8_Q10_b.png,matera-pre,v1,8,page_8.png,Q10,b,multi_select,circle,879,947,47,32,human_ground_truth.json,1,dev
page_8_Q10_c.png,matera-pre,v1,8,page_8.png,Q10,c,multi_select,circle,875,1009,51,36,human_ground_truth.json,1,dev
page_8_Q10_d.png,matera-pre,v1,8,page_8.png,Q10,d,multi_select,circle,882,1071,48,38,human_ground_truth.json,1,dev
page_8_Q10_e.png,matera-pre,v1,8,page_8.png,Q10,e,multi_select,circle,882,1110,45,46,human_ground_truth.json,1,dev
page_8_Q11_a.png,matera-pre,v1,8,page_8.png,Q11,a,multi_select,circle,876,1242,45,38,human_ground_truth.json,0,dev
page_8_Q11_b.png,matera-pre,v1,8,page_8.png,Q11,b,multi_select,circle,877,1283,45,32,human_ground_truth.json,1,dev
page_8_Q11_c.png,matera-pre,v1,8,page_8.png,Q11,c,multi_select,circle,877,1350,47,37,human_ground_truth.json,1,dev
page_8_Q11_d.png,matera-pre,v1,8,page_8.png,Q11,d,multi_select,circle,882,1415,44,43,human_ground_truth.json,0,dev
page_8_Q11_e.png,matera-pre,v1,8,page_8.png,Q11,e,multi_select,circle,880,1479,44,42,human_ground_truth.json,0,dev
page_8_Q12_a.png,matera-pre,v1,8,page_8.png,Q12,a,multi_select,circle,877,1649,48,37,human_ground_truth.json,0,dev
page_8_Q12_b.png,matera-pre,v1,8,page_8.png,Q12,b,multi_select,circle,879,1687,43,35,human_ground_truth.json,0,dev
page_8_Q12_c.png,matera-pre,v1,8,page_8.png,Q12,c,multi_select,circle,881,1724,48,29,human_ground_truth.json,0,dev
page_8_Q12_d.png,matera-pre,v1,8,page_8.png,Q12,d,multi_select,circle,881,1755,46,35,human_ground_truth.json,1,dev
page_8_Q12_e.png,matera-pre,v1,8,page_8.png,Q12,e,multi_select,circle,880,1790,51,37,human_ground_truth.json,1,dev
page_8_Q13_1_0.png,matera-pre,v1,8,page_8.png,Q13.1,0,rating,circle,1240,1981,28,37,human_ground_truth.json,0,dev
page_8_Q13_1_1.png,matera-pre,v1,8,page_8.png,Q13.1,1,rating,circle,1305,1986,23,31,human_ground_truth.json,0,dev
page_8_Q13_1_2.png,matera-pre,v1,8,page_8.png,Q13.1,2,rating,circle,1366,1984,22,34,human_ground_truth.json,0,dev
page_8_Q13_1_3.png,matera-pre,v1,8,page_8.png,Q13.1,3,rating,circle,1428,1986,24,32,human_ground_truth.json,0,dev
page_8_Q13_1_4.png,matera-pre,v1,8,page_8.png,Q13.1,4,rating,circle,1490,1984,26,35,human_ground_truth.json,0,dev
page_8_Q13_2_0.png,matera-pre,v1,8,page_8.png,Q13.2,0,rating,circle,1240,2018,27,36,human_ground_truth.json,0,dev
page_8_Q13_2_1.png,matera-pre,v1,8,page_8.png,Q13.2,1,rating,circle,1303,2020,25,34,human_ground_truth.json,0,dev
page_8_Q13_2_2.png,matera-pre,v1,8,page_8.png,Q13.2,2,rating,circle,1367,2022,24,32,human_ground_truth.json,0,dev
page_8_Q13_2_3.png,matera-pre,v1,8,page_8.png,Q13.2,3,rating,circle,1428,2021,25,32,human_ground_truth.json,0,dev
page_8_Q13_2_4.png,matera-pre,v1,8,page_8.png,Q13.2,4,rating,circle,1491,2022,24,37,human_ground_truth.json,0,dev
page_8_Q14_1.png,matera-pre,v1,8,page_8.png,Q14,1,multi_select,checkbox,113,2161,36,36,human_ground_truth.json,1,dev
page_8_Q14_2.png,matera-pre,v1,8,page_8.png,Q14,2,multi_select,checkbox,937,2153,34,38,human_ground_truth.json,1,dev
page_8_Q14_3.png,matera-pre,v1,8,page_8.png,Q14,3,multi_select,checkbox,113,2197,37,36,human_ground_truth.json,1,dev
page_8_Q14_4.png,matera-pre,v1,8,page_8.png,Q14,4,multi_select,checkbox,936,2191,38,37,human_ground_truth.json,1,dev
page_8_Q2_a.png,matera-pre,v1,8,page_8.png,Q2,a,multi_select,circle,131,497,32,34,human_ground_truth.json,1,dev
page_8_Q2_b.png,matera-pre,v1,8,page_8.png,Q2,b,multi_select,circle,130,530,33,34,human_ground_truth.json,1,dev
page_8_Q2_c.png,matera-pre,v1,8,page_8.png,Q2,c,multi_select,circle,129,565,37,36,human_ground_truth.json,1,dev
page_8_Q2_d.png,matera-pre,v1,8,page_8.png,Q2,d,multi_select,circle,126,602,40,33,human_ground_truth.json,1,dev
page_8_Q2_e.png,matera-pre,v1,8,page_8.png,Q2,e,multi_select,circle,127,634,38,36,human_ground_truth.json,1,dev
page_8_Q3_a.png,matera-pre,v1,8,page_8.png,Q3,a,multi_select,circle,128,734,35,35,human_ground_truth.json,1,dev
page_8_Q3_b.png,matera-pre,v1,8,page_8.png,Q3,b,multi_select,circle,126,770,44,32,human_ground_truth.json,1,dev
page_8_Q3_c.png,matera-pre,v1,8,page_8.png,Q3,c,multi_select,circle,128,803,45,34,human_ground_truth.json,1,dev
page_8_Q3_d.png,matera-pre,v1,8,page_8.png,Q3,d,multi_select,circle,129,837,40,33,human_ground_truth.json,1,dev
page_8_Q3_e.png,matera-pre,v1,8,page_8.png,Q3,e,multi_select,circle,128,872,37,30,human_ground_truth.json,1,dev
page_8_Q4_a.png,matera-pre,v1,8,page_8.png,Q4,a,multi_select,circle,123,968,40,34,human_ground_truth.json,1,dev
page_8_Q4_b.png,matera-pre,v1,8,page_8.png,Q4,b,multi_select,circle,124,1003,40,37,human_ground_truth.json,1,dev
page_8_Q4_c.png,matera-pre,v1,8,page_8.png,Q4,c,multi_select,circle,122,1040,44,34,human_ground_truth.json,1,dev
page_8_Q4_d.png,matera-pre,v1,8,page_8.png,Q4,d,multi_select,circle,122,1073,49,36,human_ground_truth.json,1,dev
page_8_Q4_e.png,matera-pre,v1,8,page_8.png,Q4,e,multi_select,circle,123,1108,49,29,human_ground_truth.json,1,dev
page_8_Q4_f.png,matera-pre,v1,8,page_8.png,Q4,f,multi_select,circle,123,1136,49,41,human_ground_truth.json,1,dev
page_8_Q5_a.png,matera-pre,v1,8,page_8.png,Q5,a,multi_select,circle,127,1238,36,35,human_ground_truth.json,1,dev
page_8_Q5_b.png,matera-pre,v1,8,page_8.png,Q5,b,multi_select,circle,125,1277,43,32,human_ground_truth.json,1,dev
page_8_Q5_c.png,matera-pre,v1,8,page_8.png,Q5,c,multi_select,circle,127,1312,42,30,human_ground_truth.json,1,dev
page_8_Q5_d.png,matera-pre,v1,8,page_8.png,Q5,d,multi_select,circle,124,1343,45,32,human_ground_truth.json,1,dev
page_8_Q5_e.png,matera-pre,v1,8,page_8.png,Q5,e,multi_select,circle,126,1381,42,29,human_ground_truth.json,1,dev
page_8_Q5_f.png,matera-pre,v1,8,page_8.png,Q5,f,multi_select,circle,125,1408,45,32,human_ground_truth.json,1,dev
page_8_Q5_g.png,matera-pre,v1,8,page_8.png,Q5,g,multi_select,circle,123,1444,43,41,human_ground_truth.json,1,dev
page_8_Q6_a.png,matera-pre,v1,8,page_8.png,Q6,a,multi_select,circle,124,1544,39,31,human_ground_truth.json,1,dev
page_8_Q6_b.png,matera-pre,v1,8,page_8.png,Q6,b,multi_select,circle,125,1578,42,37,human_ground_truth.json,1,dev
page_8_Q6_c.png,matera-pre,v1,8,page_8.png,Q6,c,multi_select,circle,126,1616,43,33,human_ground_truth.json,1,dev
page_8_Q6_d.png,matera-pre,v1,8,page_8.png,Q6,d,multi_select,circle,125,1649,47,38,human_ground_truth.json,1,dev
page_8_Q6_e.png,matera-pre,v1,8,page_8.png,Q6,e,multi_select,circle,124,1676,48,35,human_ground_truth.json,1,dev
page_8_Q6_f.png,matera-pre,v1,8,page_8.png,Q6,f,multi_select,circle,124,1711,43,40,human_ground_truth.json,1,dev
page_8_Q7_a.png,matera-pre,v1,8,page_8.png,Q7,a,multi_select,circle,122,1886,46,30,human_ground_truth.json,1,dev
page_8_Q7_b.png,matera-pre,v1,8,page_8.png,Q7,b,multi_select,circle,122,1917,46,34,human_ground_truth.json,1,dev
page_8_Q7_c.png,matera-pre,v1,8,page_8.png,Q7,c,multi_select,circle,120,1948,48,38,human_ground_truth.json,1,dev
page_8_Q7_d.png,matera-pre,v1,8,page_8.png,Q7,d,multi_select,circle,124,2008,48,46,human_ground_truth.json,1,dev
page_8_Q7_e.png,matera-pre,v1,8,page_8.png,Q7,e,multi_select,circle,125,2057,44,31,human_ground_truth.json,0,dev
page_8_Q8_a.png,matera-pre,v1,8,page_8.png,Q8,a,multi_select,circle,884,272,37,39,human_ground_truth.json,1,dev
page_8_Q8_b.png,matera-pre,v1,8,page_8.png,Q8,b,multi_select,circle,881,333,46,46,human_ground_truth.json,1,dev
page_8_Q8_c.png,matera-pre,v1,8,page_8.png,Q8,c,multi_select,circle,874,399,50,47,human_ground_truth.json,1,dev
page_8_Q8_d.png,matera-pre,v1,8,page_8.png,Q8,d,multi_select,circle,888,467,38,43,human_ground_truth.json,1,dev
page_8_Q9_a.png,matera-pre,v1,8,page_8.png,Q9,a,multi_select,circle,883,607,48,35,human_ground_truth.json,1,dev
page_8_Q9_b.png,matera-pre,v1,8,page_8.png,Q9,b,multi_select,circle,886,641,42,31,human_ground_truth.json,1,dev
page_8_Q9_c.png,matera-pre,v1,8,page_8.png,Q9,c,multi_select,circle,885,676,41,34,human_ground_truth.json,1,dev
page_8_Q9_d.png,matera-pre,v1,8,page_8.png,Q9,d,multi_select,circle,884,706,44,38,human_ground_truth.json,1,dev
page_8_Q9_e.png,matera-pre,v1,8,page_8.png,Q9,e,multi_select,circle,882,768,41,44,human_ground_truth.json,1,dev
page_9_Q1_a.png,matera-pre,v1,9,page_9.png,Q1,a,multi_select,circle,133,264,28,31,human_ground_truth.json,0,dev
page_9_Q1_b.png,matera-pre,v1,9,page_9.png,Q1,b,multi_select,circle,133,296,30,34,human_ground_truth.json,0,dev
page_9_Q1_c.png,matera-pre,v1,9,page_9.png,Q1,c,multi_select,circle,132,330,34,34,human_ground_truth.json,0,dev
page_9_Q1_d.png,matera-pre,v1,9,page_9.png,Q1,d,multi_select,circle,133,365,35,34,human_ground_truth.json,0,dev
page_9_Q1_e.png,matera-pre,v1,9,page_9.png,Q1,e,multi_select,circle,132,402,36,32,human_ground_truth.json,1,dev
page_9_Q10_a.png,matera-pre,v1,9,page_9.png,Q10,a,multi_select,circle,878,914,45,28,human_ground_truth.json,0,dev
page_9_Q10_b.png,matera-pre,v1,9,page_9.png,Q10,b,multi_select,circle,879,947,47,32,human_ground_truth.json,1,dev
page_9_Q10_c.png,matera-pre,v1,9,page_9.png,Q10,c,multi_select,circle,875,1009,51,36,human_ground_truth.json,0,dev
page_9_Q10_d.png,matera-pre,v1,9,page_9.png,Q10,d,multi_select,circle,882,1071,48,38,human_ground_truth.json,0,dev
page_9_Q10_e.png,matera-pre,v1,9,page_9.png,Q10,e,multi_select,circle,882,1110,45,46,human_ground_truth.json,0,dev
page_9_Q11_a.png,matera-pre,v1,9,page_9.png,Q11,a,multi_select,circle,876,1242,45,38,human_ground_truth.json,1,dev
page_9_Q11_b.png,matera-pre,v1,9,page_9.png,Q11,b,multi_select,circle,877,1283,45,32,human_ground_truth.json,0,dev
page_9_Q11_c.png,matera-pre,v1,9,page_9.png,Q11,c,multi_select,circle,877,1350,47,37,human_ground_truth.json,0,dev
page_9_Q11_d.png,matera-pre,v1,9,page_9.png,Q11,d,multi_select,circle,882,1415,44,43,human_ground_truth.json,0,dev
page_9_Q11_e.png,matera-pre,v1,9,page_9.png,Q11,e,multi_select,circle,880,1479,44,42,human_ground_truth.json,0,dev
page_9_Q12_a.png,matera-pre,v1,9,page_9.png,Q12,a,multi_select,circle,877,1649,48,37,human_ground_truth.json,1,dev
page_9_Q12_b.png,matera-pre,v1,9,page_9.png,Q12,b,multi_select,circle,879,1687,43,35,human_ground_truth.json,0,dev
page_9_Q12_c.png,matera-pre,v1,9,page_9.png,Q12,c,multi_select,circle,881,1724,48,29,human_ground_truth.json,0,dev
page_9_Q12_d.png,matera-pre,v1,9,page_9.png,Q12,d,multi_select,circle,881,1755,46,35,human_ground_truth.json,0,dev
page_9_Q12_e.png,matera-pre,v1,9,page_9.png,Q12,e,multi_select,circle,880,1790,51,37,human_ground_truth.json,0,dev
page_9_Q13_1_0.png,matera-pre,v1,9,page_9.png,Q13.1,0,rating,circle,1240,1981,28,37,human_ground_truth.json,1,dev
page_9_Q13_1_1.png,matera-pre,v1,9,page_9.png,Q13.1,1,rating,circle,1305,1986,23,31,human_ground_truth.json,0,dev
page_9_Q13_1_2.png,matera-pre,v1,9,page_9.png,Q13.1,2,rating,circle,1366,1984,22,34,human_ground_truth.json,0,dev
page_9_Q13_1_3.png,matera-pre,v1,9,page_9.png,Q13.1,3,rating,circle,1428,1986,24,32,human_ground_truth.json,0,dev
page_9_Q13_1_4.png,matera-pre,v1,9,page_9.png,Q13.1,4,rating,circle,1490,1984,26,35,human_ground_truth.json,0,dev
page_9_Q13_2_0.png,matera-pre,v1,9,page_9.png,Q13.2,0,rating,circle,1240,2018,27,36,human_ground_truth.json,1,dev
page_9_Q13_2_1.png,matera-pre,v1,9,page_9.png,Q13.2,1,rating,circle,1303,2020,25,34,human_ground_truth.json,0,dev
page_9_Q13_2_2.png,matera-pre,v1,9,page_9.png,Q13.2,2,rating,circle,1367,2022,24,32,human_ground_truth.json,0,dev
page_9_Q13_2_3.png,matera-pre,v1,9,page_9.png,Q13.2,3,rating,circle,1428,2021,25,32,human_ground_truth.json,0,dev
page_9_Q13_2_4.png,matera-pre,v1,9,page_9.png,Q13.2,4,rating,circle,1491,2022,24,37,human_ground_truth.json,0,dev
page_9_Q14_1.png,matera-pre,v1,9,page_9.png,Q14,1,multi_select,checkbox,113,2161,36,36,human_ground_truth.json,1,dev
page_9_Q14_2.png,matera-pre,v1,9,page_9.png,Q14,2,multi_select,checkbox,937,2153,34,38,human_ground_truth.json,1,dev
page_9_Q14_3.png,matera-pre,v1,9,page_9.png,Q14,3,multi_select,checkbox,113,2197,37,36,human_ground_truth.json,1,dev
page_9_Q14_4.png,matera-pre,v1,9,page_9.png,Q14,4,multi_select,checkbox,936,2191,38,37,human_ground_truth.json,1,dev
page_9_Q2_a.png,matera-pre,v1,9,page_9.png,Q2,a,multi_select,circle,131,497,32,34,human_ground_truth.json,0,dev
page_9_Q2_b.png,matera-pre,v1,9,page_9.png,Q2,b,multi_select,circle,130,530,33,34,human_ground_truth.json,0,dev
page_9_Q2_c.png,matera-pre,v1,9,page_9.png,Q2,c,multi_select,circle,129,565,37,36,human_ground_truth.json,1,dev
page_9_Q2_d.png,matera-pre,v1,9,page_9.png,Q2,d,multi_select,circle,126,602,40,33,human_ground_truth.json,0,dev
page_9_Q2_e.png,matera-pre,v1,9,page_9.png,Q2,e,multi_select,circle,127,634,38,36,human_ground_truth.json,0,dev
page_9_Q3_a.png,matera-pre,v1,9,page_9.png,Q3,a,multi_select,circle,128,734,35,35,human_ground_truth.json,1,dev
page_9_Q3_b.png,matera-pre,v1,9,page_9.png,Q3,b,multi_select,circle,126,770,44,32,human_ground_truth.json,0,dev
page_9_Q3_c.png,matera-pre,v1,9,page_9.png,Q3,c,multi_select,circle,128,803,45,34,human_ground_truth.json,0,dev
page_9_Q3_d.png,matera-pre,v1,9,page_9.png,Q3,d,multi_select,circle,129,837,40,33,human_ground_truth.json,0,dev
page_9_Q3_e.png,matera-pre,v1,9,page_9.png,Q3,e,multi_select,circle,128,872,37,30,human_ground_truth.json,0,dev
page_9_Q4_a.png,matera-pre,v1,9,page_9.png,Q4,a,multi_select,circle,123,968,40,34,human_ground_truth.json,0,dev
page_9_Q4_b.png,matera-pre,v1,9,page_9.png,Q4,b,multi_select,circle,124,1003,40,37,human_ground_truth.json,0,dev
page_9_Q4_c.png,matera-pre,v1,9,page_9.png,Q4,c,multi_select,circle,122,1040,44,34,human_ground_truth.json,0,dev
page_9_Q4_d.png,matera-pre,v1,9,page_9.png,Q4,d,multi_select,circle,122,1073,49,36,human_ground_truth.json,1,dev
page_9_Q4_e.png,matera-pre,v1,9,page_9.png,Q4,e,multi_select,circle,123,1108,49,29,human_ground_truth.json,0,dev
page_9_Q4_f.png,matera-pre,v1,9,page_9.png,Q4,f,multi_select,circle,123,1136,49,41,human_ground_truth.json,0,dev
page_9_Q5_a.png,matera-pre,v1,9,page_9.png,Q5,a,multi_select,circle,127,1238,36,35,human_ground_truth.json,0,dev
page_9_Q5_b.png,matera-pre,v1,9,page_9.png,Q5,b,multi_select,circle,125,1277,43,32,human_ground_truth.json,1,dev
page_9_Q5_c.png,matera-pre,v1,9,page_9.png,Q5,c,multi_select,circle,127,1312,42,30,human_ground_truth.json,0,dev
page_9_Q5_d.png,matera-pre,v1,9,page_9.png,Q5,d,multi_select,circle,124,1343,45,32,human_ground_truth.json,0,dev
page_9_Q5_e.png,matera-pre,v1,9,page_9.png,Q5,e,multi_select,circle,126,1381,42,29,human_ground_truth.json,0,dev
page_9_Q5_f.png,matera-pre,v1,9,page_9.png,Q5,f,multi_select,circle,125,1408,45,32,human_ground_truth.json,1,dev
page_9_Q5_g.png,matera-pre,v1,9,page_9.png,Q5,g,multi_select,circle,123,1444,43,41,human_ground_truth.json,0,dev
page_9_Q6_a.png,matera-pre,v1,9,page_9.png,Q6,a,multi_select,circle,124,1544,39,31,human_ground_truth.json,1,dev
page_9_Q6_b.png,matera-pre,v1,9,page_9.png,Q6,b,multi_select,circle,125,1578,42,37,human_ground_truth.json,0,dev
page_9_Q6_c.png,matera-pre,v1,9,page_9.png,Q6,c,multi_select,circle,126,1616,43,33,human_ground_truth.json,1,dev
page_9_Q6_d.png,matera-pre,v1,9,page_9.png,Q6,d,multi_select,circle,125,1649,47,38,human_ground_truth.json,0,dev
page_9_Q6_e.png,matera-pre,v1,9,page_9.png,Q6,e,multi_select,circle,124,1676,48,35,human_ground_truth.json,0,dev
page_9_Q6_f.png,matera-pre,v1,9,page_9.png,Q6,f,multi_select,circle,124,1711,43,40,human_ground_truth.json,0,dev
page_9_Q7_a.png,matera-pre,v1,9,page_9.png,Q7,a,multi_select,circle,122,1886,46,30,human_ground_truth.json,1,dev
page_9_Q7_b.png,matera-pre,v1,9,page_9.png,Q7,b,multi_select,circle,122,1917,46,34,human_ground_truth.json,0,dev
page_9_Q7_c.png,matera-pre,v1,9,page_9.png,Q7,c,multi_select,circle,120,1948,48,38,human_ground_truth.json,0,dev
page_9_Q7_d.png,matera-pre,v1,9,page_9.png,Q7,d,multi_select,circle,124,2008,48,46,human_ground_truth.json,0,dev
page_9_Q7_e.png,matera-pre,v1,9,page_9.png,Q7,e,multi_select,circle,125,2057,44,31,human_ground_truth.json,0,dev
page_9_Q8_a.png,matera-pre,v1,9,page_9.png,Q8,a,multi_select,circle,884,272,37,39,human_ground_truth.json,1,dev
page_9_Q8_b.png,matera-pre,v1,9,page_9.png,Q8,b,multi_select,circle,881,333,46,46,human_ground_truth.json,0,dev
page_9_Q8_c.png,matera-pre,v1,9,page_9.png,Q8,c,multi_select,circle,874,399,50,47,human_ground_truth.json,0,dev
page_9_Q8_d.png,matera-pre,v1,9,page_9.png,Q8,d,multi_select,circle,888,467,38,43,human_ground_truth.json,0,dev
page_9_Q9_a.png,matera-pre,v1,9,page_9.png,Q9,a,multi_select,circle,883,607,48,35,human_ground_truth.json,1,dev
page_9_Q9_b.png,matera-pre,v1,9,page_9.png,Q9,b,multi_select,circle,886,641,42,31,human_ground_truth.json,1,dev
page_9_Q9_c.png,matera-pre,v1,9,page_9.png,Q9,c,multi_select,circle,885,676,41,34,human_ground_truth.json,1,dev
page_9_Q9_d.png,matera-pre,v1,9,page_9.png,Q9,d,multi_select,circle,884,706,44,38,human_ground_truth.json,1,dev
page_9_Q9_e.png,matera-pre,v1,9,page_9.png,Q9,e,multi_select,circle,882,768,41,44,human_ground_truth.json,0,dev
page_10_Q1_a.png,matera-pre,v1,10,page_10.png,Q1,a,multi_select,circle,133,264,28,31,human_ground_truth.json,1,dev
page_10_Q1_b.png,matera-pre,v1,10,page_10.png,Q1,b,multi_select,circle,133,296,30,34,human_ground_truth.json,0,dev
page_10_Q1_c.png,matera-pre,v1,10,page_10.png,Q1,c,multi_select,circle,132,330,34,34,human_ground_truth.json,0,dev
page_10_Q1_d.png,matera-pre,v1,10,page_10.png,Q1,d,multi_select,circle,133,365,35,34,human_ground_truth.json,0,dev
page_10_Q1_e.png,matera-pre,v1,10,page_10.png,Q1,e,multi_select,circle,132,402,36,32,human_ground_truth.json,0,dev
page_10_Q10_a.png,matera-pre,v1,10,page_10.png,Q10,a,multi_select,circle,878,914,45,28,human_ground_truth.json,0,dev
page_10_Q10_b.png,matera-pre,v1,10,page_10.png,Q10,b,multi_select,circle,879,947,47,32,human_ground_truth.json,1,dev
page_10_Q10_c.png,matera-pre,v1,10,page_10.png,Q10,c,multi_select,circle,875,1009,51,36,human_ground_truth.json,0,dev
page_10_Q10_d.png,matera-pre,v1,10,page_10.png,Q10,d,multi_select,circle,882,1071,48,38,human_ground_truth.json,0,dev
page_10_Q10_e.png,matera-pre,v1,10,page_10.png,Q10,e,multi_select,circle,882,1110,45,46,human_ground_truth.json,0,dev
page_10_Q11_a.png,matera-pre,v1,10,page_10.png,Q11,a,multi_select,circle,876,1242,45,38,human_ground_truth.json,0,dev
page_10_Q11_b.png,matera-pre,v1,10,page_10.png,Q11,b,multi_select,circle,877,1283,45,32,human_ground_truth.json,1,dev
page_10_Q11_c.png,matera-pre,v1,10,page_10.png,Q11,c,multi_select,circle,877,1350,47,37,human_ground_truth.json,0,dev
page_10_Q11_d.png,matera-pre,v1,10,page_10.png,Q11,d,multi_select,circle,882,1415,44,43,human_ground_truth.json,0,dev
page_10_Q11_e.png,matera-pre,v1,10,page_10.png,Q11,e,multi_select,circle,880,1479,44,42,human_ground_truth.json,0,dev
page_10_Q12_a.png,matera-pre,v1,10,page_10.png,Q12,a,multi_select,circle,877,1649,48,37,human_ground_truth.json,0,dev
page_10_Q12_b.png,matera-pre,v1,10,page_10.png,Q12,b,multi_select,circle,879,1687,43,35,human_ground_truth.json,0,dev
page_10_Q12_c.png,matera-pre,v1,10,page_10.png,Q12,c,multi_select,circle,881,1724,48,29,human_ground_truth.json,0,dev
page_10_Q12_d.png,matera-pre,v1,10,page_10.png,Q12,d,multi_select,circle,881,1755,46,35,human_ground_truth.json,1,dev
page_10_Q12_e.png,matera-pre,v1,10,page_10.png,Q12,e,multi_select,circle,880,1790,51,37,human_ground_truth.json,0,dev
page_10_Q13_1_0.png,matera-pre,v1,10,page_10.png,Q13.1,0,rating,circle,1240,1981,28,37,human_ground_truth.json,0,dev
page_10_Q13_1_1.png,matera-pre,v1,10,page_10.png,Q13.1,1,rating,circle,1305,1986,23,31,human_ground_truth.json,0,dev
page_10_Q13_1_2.png,matera-pre,v1,10,page_10.png,Q13.1,2,rating,circle,1366,1984,22,34,human_ground_truth.json,0,dev
page_10_Q13_1_3.png,matera-pre,v1,10,page_10.png,Q13.1,3,rating,circle,1428,1986,24,32,human_ground_truth.json,1,dev
page_10_Q13_1_4.png,matera-pre,v1,10,page_10.png,Q13.1,4,rating,circle,1490,1984,26,35,human_ground_truth.json,0,dev
page_10_Q13_2_0.png,matera-pre,v1,10,page_10.png,Q13.2,0,rating,circle,1240,2018,27,36,human_ground_truth.json,0,dev
page_10_Q13_2_1.png,matera-pre,v1,10,page_10.png,Q13.2,1,rating,circle,1303,2020,25,34,human_ground_truth.json,0,dev
page_10_Q13_2_2.png,matera-pre,v1,10,page_10.png,Q13.2,2,rating,circle,1367,2022,24,32,human_ground_truth.json,1,dev
page_10_Q13_2_3.png,matera-pre,v1,10,page_10.png,Q13.2,3,rating,circle,1428,2021,25,32,human_ground_truth.json,0,dev
page_10_Q13_2_4.png,matera-pre,v1,10,page_10.png,Q13.2,4,rating,circle,1491,2022,24,37,human_ground_truth.json,0,dev
page_10_Q14_1.png,matera-pre,v1,10,page_10.png,Q14,1,multi_select,checkbox,113,2161,36,36,human_ground_truth.json,0,dev
page_10_Q14_2.png,matera-pre,v1,10,page_10.png,Q14,2,multi_select,checkbox,937,2153,34,38,human_ground_truth.json,1,dev
page_10_Q14_3.png,matera-pre,v1,10,page_10.png,Q14,3,multi_select,checkbox,113,2197,37,36,human_ground_truth.json,0,dev
page_10_Q14_4.png,matera-pre,v1,10,page_10.png,Q14,4,multi_select,checkbox,936,2191,38,37,human_ground_truth.json,0,dev
page_10_Q2_a.png,matera-pre,v1,10,page_10.png,Q2,a,multi_select,circle,131,497,32,34,human_ground_truth.json,1,dev
page_10_Q2_b.png,matera-pre,v1,10,page_10.png,Q2,b,multi_select,circle,130,530,33,34,human_ground_truth.json,0,dev
page_10_Q2_c.png,matera-pre,v1,10,page_10.png,Q2,c,multi_select,circle,129,565,37,36,human_ground_truth.json,1,dev
page_10_Q2_d.png,matera-pre,v1,10,page_10.png,Q2,d,multi_select,circle,126,602,40,33,human_ground_truth.json,0,dev
page_10_Q2_e.png,matera-pre,v1,10,page_10.png,Q2,e,multi_select,circle,127,634,38,36,human_ground_truth.json,0,dev
page_10_Q3_a.png,matera-pre,v1,10,page_10.png,Q3,a,multi_select,circle,128,734,35,35,human_ground_truth.json,0,dev
page_10_Q3_b.png,matera-pre,v1,10,page_10.png,Q3,b,multi_select,circle,126,770,44,32,human_ground_truth.json,0,dev
page_10_Q3_c.png,matera-pre,v1,10,page_10.png,Q3,c,multi_select,circle,128,803,45,34,human_ground_truth.json,1,dev
page_10_Q3_d.png,matera-pre,v1,10,page_10.png,Q3,d,multi_select,circle,129,837,40,33,human_ground_truth.json,0,dev
page_10_Q3_e.png,matera-pre,v1,10,page_10.png,Q3,e,multi_select,circle,128,872,37,30,human_ground_truth.json,0,dev
page_10_Q4_a.png,matera-pre,v1,10,page_10.png,Q4,a,multi_select,circle,123,968,40,34,human_ground_truth.json,0,dev
page_10_Q4_b.png,matera-pre,v1,10,page_10.png,Q4,b,multi_select,circle,124,1003,40,37,human_ground_truth.json,0,dev
page_10_Q4_c.png,matera-pre,v1,10,page_10.png,Q4,c,multi_select,circle,122,1040,44,34,human_ground_truth.json,1,dev
page_10_Q4_d.png,matera-pre,v1,10,page_10.png,Q4,d,multi_select,circle,122,1073,49,36,human_ground_truth.json,0,dev
page_10_Q4_e.png,matera-pre,v1,10,page_10.png,Q4,e,multi_select,circle,123,1108,49,29,human_ground_truth.json,0,dev
page_10_Q4_f.png,matera-pre,v1,10,page_10.png,Q4,f,multi_select,circle,123,1136,49,41,human_ground_truth.json,0,dev
page_10_Q5_a.png,matera-pre,v1,10,page_10.png,Q5,a,multi_select,circle,127,1238,36,35,human_ground_truth.json,0,dev
page_10_Q5_b.png,matera-pre,v1,10,page_10.png,Q5,b,multi_select,circle,125,1277,43,32,human_ground_truth.json,0,dev
page_10_Q5_c.png,matera-pre,v1,10,page_10.png,Q5,c,multi_select,circle,127,1312,42,30,human_ground_truth.json,0,dev
page_10_Q5_d.png,matera-pre,v1,10,page_10.png,Q5,d,multi_select,circle,124,1343,45,32,human_ground_truth.json,0,dev
page_10_Q5_e.png,matera-pre,v1,10,page_10.png,Q5,e,multi_select,circle,126,1381,42,29,human_ground_truth.json,0,dev
page_10_Q5_f.png,matera-pre,v1,10,page_10.png,Q5,f,multi_select,circle,125,1408,45,32,human_ground_truth.json,1,dev
page_10_Q5_g.png,matera-pre,v1,10,page_10.png,Q5,g,multi_select,circle,123,1444,43,41,human_ground_truth.json,0,dev
page_10_Q6_a.png,matera-pre,v1,10,page_10.png,Q6,a,multi_select,circle,124,1544,39,31,human_ground_truth.json,0,dev
page_10_Q6_b.png,matera-pre,v1,10,page_10.png,Q6,b,multi_select,circle,125,1578,42,37,human_ground_truth.json,0,dev
page_10_Q6_c.png,matera-pre,v1,10,page_10.png,Q6,c,multi_select,circle,126,1616,43,33,human_ground_truth.json,0,dev
page_10_Q6_d.png,matera-pre,v1,10,page_10.png,Q6,d,multi_select,circle,125,1649,47,38,human_ground_truth.json,0,dev
page_10_Q6_e.png,matera-pre,v1,10,page_10.png,Q6,e,multi_select,circle,124,1676,48,35,human_ground_truth.json,1,dev
page_10_Q6_f.png,matera-pre,v1,10,page_10.png,Q6,f,multi_select,circle,124,1711,43,40,human_ground_truth.json,0,dev
page_10_Q7_a.png,matera-pre,v1,10,page_10.png,Q7,a,multi_select,circle,122,1886,46,30,human_ground_truth.json,0,dev
page_10_Q7_b.png,matera-pre,v1,10,page_10.png,Q7,b,multi_select,circle,122,1917,46,34,human_ground_truth.json,0,dev
page_10_Q7_c.png,matera-pre,v1,10,page_10.png,Q7,c,multi_select,circle,120,1948,48,38,human_ground_truth.json,0,dev
page_10_Q7_d.png,matera-pre,v1,10,page_10.png,Q7,d,multi_select,circle,124,2008,48,46,human_ground_truth.json,1,dev
page_10_Q7_e.png,matera-pre,v1,10,page_10.png,Q7,e,multi_select,circle,125,2057,44,31,human_ground_truth.json,0,dev
page_10_Q8_a.png,matera-pre,v1,10,page_10.png,Q8,a,multi_select,circle,884,272,37,39,human_ground_truth.json,1,dev
page_10_Q8_b.png,matera-pre,v1,10,page_10.png,Q8,b,multi_select,circle,881,333,46,46,human_ground_truth.json,0,dev
page_10_Q8_c.png,matera-pre,v1,10,page_10.png,Q8,c,multi_select,circle,874,399,50,47,human_ground_truth.json,0,dev
page_10_Q8_d.png,matera-pre,v1,10,page_10.png,Q8,d,multi_select,circle,888,467,38,43,human_ground_truth.json,0,dev
page_10_Q9_a.png,matera-pre,v1,10,page_10.png,Q9,a,multi_select,circle,883,607,48,35,human_ground_truth.json,0,dev
page_10_Q9_b.png,matera-pre,v1,10,page_10.png,Q9,b,multi_select,circle,886,641,42,31,human_ground_truth.json,0,dev
page_10_Q9_c.png,matera-pre,v1,10,page_10.png,Q9,c,multi_select,circle,885,676,41,34,human_ground_truth.json,0,dev
page_10_Q9_d.png,matera-pre,v1,10,page_10.png,Q9,d,multi_select,circle,884,706,44,38,human_ground_truth.json,0,dev
page_10_Q9_e.png,matera-pre,v1,10,page_10.png,Q9,e,multi_select,circle,882,768,41,44,human_ground_truth.json,0,dev
